Workbook
Name _GET_MITIGATION_TYPE_COL: LAMBDA(type, IF(type="Physical", 6, IF(type="Magical", 5, IF(type="Darkness", 7, 7))))
Name _TRANS: LAMBDA(translate, jp, en, de, fr, ko, cn, IFERROR(IFS(translate="日本語", jp, translate="English", en, translate="Deutsch", de, translate="Français", fr, translate="한국어", ko, translate="简体中文", cn), jp))
Name _GET_TANK_ATTACHED_BUFF_TYPE_COL: LAMBDA(type, IF(type="Physical", 7, IF(type="Magical", 6, IF(type="Darkness", 8, 8))))

Sheet Skill
B2: Role / Job | C2: Skill | D2: Icon | E2: Level | F2: Effect Time | G2: Recast | H2: Abillity | I2: Assign | J2: Charge | K2: Mitigation Time | L2: Magic | M2: Physical | N2: Unique | O2: Block | P2: Parry | Q2: Critical Mitigation Time | R2: Magic | S2: Physical | T2: Unique | U2: Precondition | V2: Recast | W2: Magic | X2: Physical | Y2: Unique | Z2: More Heal | AA2: Barrier Time | AB2: More Barrier | AC2: HP Buff Time | AD2: HP Buffed | AE2: Heal Buff Target | AF2: Heal Buff Time | AG2: Add Heal Buffed | AH2: Times Heal Buffed | AI2: Barrier Buff Time | AJ2: Barrier Buffed | AK2: Heal | AL2: Heal Raito | AM2: Hot Time | AN2: Hot | AO2: Barrier Time | AP2: Barrior | AQ2: MP | AR2: Available Skill Time | AS2: Available Skill | AT2: Timer Shared | AU2: Icon Path | AV2: EN | AW2: DE | AX2: FR | AY2: KO | AZ2: CN
B3: 学者 | C3: セラフィズム | D3: =IMAGE(AU3) | E3: 100 | F3: 20 | G3: 180 | H3: TRUE | I3: SELF | J3: 1 | AM3: 20 | AN3: 100 | AU3: https://xivapi.com/i/002000/002881.png | AV3: Seraphism | AW3: Seraphenlehre | AX3: Séraphisme
B4: 学者 | C4: アクセッション | D4: =IMAGE(AU4) | E4: 100 | F4: 30 | G4: 2.5 | H4: FALSE | I4: RANGE_PARTY | J4: 1 | AK4: 240 | AO4: 30 | AP4: 432 | AQ4: 900 | AR4: 20 | AS4: セラフィズム | AU4: https://xivapi.com/i/002000/002883.png | AV4: Accession | AW4: Höchstes Gut | AX4: Accession
B5: 学者 | C5: マニフェステーション | D5: =IMAGE(AU5) | E5: 100 | F5: 30 | G5: 2.5 | H5: FALSE | I5: SINGLE_PARTY | J5: 1 | U5: 秘策 | AA5: 30 | AB5: 648 | AK5: 360 | AO5: 30 | AP5: 648 | AQ5: 900 | AR5: 20 | AS5: セラフィズム | AU5: https://xivapi.com/i/002000/002882.png | AV5: Manifestation | AW5: Manifestation | AX5: Manifestation
B6: 賢者 | C6: フィロソフィア | D6: =IMAGE(AU6) | E6: 100 | F6: 20 | G6: 180 | H6: TRUE | I6: RANGE_PARTY | J6: 1 | AE6: SELF_EFFECTED_GCD | AF6: 20 | AH6: 1.2 | AU6: https://xivapi.com/i/003000/003690.png | AV6: Philosophia | AW6: Philosophia | AX6: Philosophia
B7: 占星術師 | C7: サンサイン | D7: =IMAGE(AU7) | E7: 100 | F7: 15 | G7: 1 | H7: TRUE | I7: RANGE_PARTY | J7: 1 | K7: 15 | L7: 0.9 | M7: 0.9 | N7: 0.9 | AR7: 30 | AS7: ニュートラルセクト | AU7: https://xivapi.com/i/003000/003109.png | AV7: Sun Sign | AW7: Sonnenzeichen | AX7: Signe solaire
B8: 白魔道士 | C8: ディヴァインカレス | D8: =IMAGE(AU8) | E8: 100 | F8: 10 | G8: 1 | H8: FALSE | I8: RANGE_PARTY | J8: 1 | AM8: 15 | AN8: 200 | AO8: 10 | AP8: 400 | AR8: 30 | AS8: テンパランス | AU8: https://xivapi.com/i/002000/002128.png | AV8: Divine Caress | AW8: Göttliche Umarmung | AX8: Caresse divine
B9: 学者 | C9: 秘策 | D9: =IMAGE(AU9) | E9: 98 | F9: 15 | G9: 60 | H9: TRUE | I9: SINGLE_PARTY | J9: 1 | AU9: https://xivapi.com/i/002000/002822.png | AV9: Recitation | AW9: Raffinesse | AX9: Récitation | AY9: 비책 | AZ9: 秘策
B10: キャスター | C10: アドル | D10: =IMAGE(AU10) | E10: 98 | F10: 15 | G10: 90 | H10: TRUE | I10: SINGLE_ENEMY | J10: 1 | K10: 15 | L10: 0.9 | M10: 0.95 | N10: 1 | AU10: https://xivapi.com/i/000000/000861.png | AV10: Addle | AW10: Stumpfsinn | AX10: Embrouillement | AY10: 정신 교란 | AZ10: 昏乱
B11: タンク | C11: リプライザル | D11: =IMAGE(AU11) | E11: 98 | F11: 15 | G11: 60 | H11: TRUE | I11: RANGE_ENEMY | J11: 1 | K11: 15 | L11: 0.9 | M11: 0.9 | N11: 0.9 | AU11: https://xivapi.com/i/000000/000806.png | AV11: Reprisal | AW11: Reflexion | AX11: Rétorsion | AY11: 앙갚음 | AZ11: 雪仇
B12: 機工士 | C12: タクティシャン | D12: =IMAGE(AU12) | E12: 98 | F12: 15 | G12: 90 | H12: TRUE | I12: RANGE_PARTY | J12: 1 | K12: 15 | L12: 0.85 | M12: 0.85 | N12: 0.85 | AU12: https://xivapi.com/i/003000/003040.png | AV12: Tactician | AW12: Taktiker | AX12: Tacticien | AY12: 책략가 | AZ12: 策动
B13: 近接 | C13: 牽制 | D13: =IMAGE(AU13) | E13: 98 | F13: 15 | G13: 90 | H13: TRUE | I13: SINGLE_ENEMY | J13: 1 | K13: 15 | L13: 0.95 | M13: 0.9 | N13: 1 | AU13: https://xivapi.com/i/000000/000828.png | AV13: Feint | AW13: Zermürben | AX13: Restreinte | AY13: 견제 | AZ13: 牵制
B14: 吟遊詩人 | C14: トルバドゥール | D14: =IMAGE(AU14) | E14: 98 | F14: 15 | G14: 90 | H14: TRUE | I14: RANGE_PARTY | J14: 1 | K14: 15 | L14: 0.85 | M14: 0.85 | N14: 0.85 | AU14: https://xivapi.com/i/002000/002612.png | AV14: Troubadour | AW14: Troubadour | AX14: Troubadour | AY14: 방랑하는 음악가 | AZ14: 行吟
B15: 賢者 | C15: ピュシスII | D15: =IMAGE(AU15) | E15: 98 | F15: 15 | G15: 60 | H15: TRUE | I15: RANGE_PARTY | J15: 1 | AE15: RANGE_AFFECTED_ALL | AF15: 15 | AH15: 1.1 | AM15: 15 | AN15: 130 | AU15: https://xivapi.com/i/003000/003670.png | AV15: Physis II | AW15: Physis II | AX15: Physis II | AY15: 퓌시스 2 | AZ15: 自生II
B16: 占星術師 | C16: ディグニティ(最小) | D16: =IMAGE(AU16) | E16: 98 | F16: 0 | G16: 40 | H16: TRUE | I16: SINGLE_PARTY | J16: 3 | AK16: 400 | AU16: https://xivapi.com/i/003000/003141.png | AV16: Essential Dignity(minimum) | AW16: Essenzielle Würde(minimum) | AX16: Dignité essentielle(le minimum) | AY16: 본질적 위계(최소) | AZ16: 先天禀赋(最低限度)
B17: 占星術師 | C17: ディグニティ(最大) | D17: =IMAGE(AU17) | E17: 98 | F17: 0 | G17: 40 | H17: TRUE | I17: SINGLE_PARTY | J17: 3 | AK17: 900 | AU17: https://xivapi.com/i/003000/003141.png | AV17: Essential Dignity(maximum) | AW17: Essenzielle Würde(maximal) | AX17: Dignité essentielle(maximum) | AY17: 본질적 위계(최대) | AZ17: 先天禀赋(最大)
B18: 白魔道士 | C18: テトラグラマトン | D18: =IMAGE(AU18) | E18: 98 | F18: 0 | G18: 60 | H18: TRUE | I18: SINGLE_PARTY | J18: 2 | AK18: 700 | AU18: https://xivapi.com/i/002000/002633.png | AV18: Tetragrammaton | AW18: Tetragrammaton | AX18: Tétragramme | AY18: 신의 이름 | AZ18: 神名
B19: 踊り子 | C19: 守りのサンバ | D19: =IMAGE(AU19) | E19: 98 | F19: 15 | G19: 90 | H19: TRUE | I19: RANGE_PARTY | J19: 1 | K19: 15 | L19: 0.85 | M19: 0.85 | N19: 0.85 | AU19: https://xivapi.com/i/003000/003469.png | AV19: Shield Samba | AW19: Schildsamba | AX19: Samba protectrice | AY19: 수세의 삼바 | AZ19: 防守之桑巴
B20: 学者 | C20: 意気軒昂の策 | D20: =IMAGE(AU20) | E20: 96 | F20: 30 | G20: 2.5 | H20: FALSE | I20: RANGE_PARTY | J20: 1 | AK20: 200 | AO20: 30 | AP20: 360 | AQ20: 900 | AU20: https://xivapi.com/i/002000/002880.png | AV20: Concitation | AW20: Übermut | AX20: Traité de l'exultation
B21: 賢者 | C21: エウクラシア・プログノシスII | D21: =IMAGE(AU21) | E21: 96 | F21: 30 | G21: 2.5 | H21: FALSE | I21: RANGE_PARTY | J21: 1 | AK21: 100 | AO21: 30 | AP21: 360 | AQ21: 800 | AU21: https://xivapi.com/i/003000/003689.png | AV21: Eukrasian Prognosis II | AW21: Eukratische Prognose II | AX21: Prognosis eucrasique II
B22: 占星術師 | C22: コンジャクション・ヘリオス | D22: =IMAGE(AU22) | E22: 96 | F22: 15 | G22: 2.5 | H22: FALSE | I22: RANGE_PARTY | J22: 1 | U22: ニュートラルセクト | AA22: 30 | AB22: 312.5 | AK22: 250 | AM22: 15 | AN22: 175 | AU22: https://xivapi.com/i/003000/003567.png | AV22: Helios Conjunction | AW22: Helios in Konjunktion | AX22: Hélios combiné
B23: タンク | C23: ランパート | D23: =IMAGE(AU23) | E23: 94 | F23: 20 | G23: 90 | H23: TRUE | I23: SELF | J23: 1 | K23: 20 | L23: 0.8 | M23: 0.8 | N23: 0.8 | AE23: SELF_AFFECTED_ALL | AF23: 20 | AH23: 1.15 | AU23: https://xivapi.com/i/000000/000801.png | AV23: Rampart | AW23: Schutzwall | AX23: Rempart | AY23: 철벽 방어 | AZ23: 铁壁
B24: ガンブレイカー | C24: グレートネビュラ | D24: =IMAGE(AU24) | E24: 92 | F24: 15 | G24: 120 | H24: TRUE | I24: SELF | J24: 1 | K24: 15 | L24: 0.6 | M24: 0.6 | N24: 0.6 | AC24: 15 | AD24: 1.2 | AL24: 0.2 | AU24: https://xivapi.com/i/003000/003435.png | AV24: Great Nebula | AW24: Große Nebula | AX24: Grande nébuleuse
B25: ナイト | C25: エクストリームガード | D25: =IMAGE(AU25) | E25: 92 | F25: 15 | G25: 120 | H25: TRUE | I25: SELF | J25: 1 | K25: 15 | L25: 0.6 | M25: 0.6 | N25: 0.6 | AO25: 15 | AP25: 1000 | AU25: https://xivapi.com/i/002000/002524.png | AV25: Guardian | AW25: Heilige Wacht | AX25: Garde extrême
B26: 暗黒騎士 | C26: シャドウヴィジル | D26: =IMAGE(AU26) | E26: 92 | F26: 15 | G26: 120 | H26: TRUE | I26: SELF | J26: 1 | K26: 15 | L26: 0.6 | M26: 0.6 | N26: 0.6 | AK26: 1200 | AU26: https://xivapi.com/i/003000/003094.png | AV26: Shadowed Vigil | AW26: Schattenwacht | AX26: Vigile ténébreux
B27: 戦士 | C27: ダムネーション | D27: =IMAGE(AU27) | E27: 92 | F27: 15 | G27: 120 | H27: TRUE | I27: SELF | J27: 1 | K27: 15 | L27: 0.6 | M27: 0.6 | N27: 0.6 | AM27: 15 | AN27: 400 | AU27: https://xivapi.com/i/002000/002573.png | AV27: Damnation | AW27: Verdammnis | AX27: Damnation
B28: 白魔道士 | C28: メディガ | D28: =IMAGE(AU28) | E28: 92 | F28: 15 | G28: 2.5 | H28: FALSE | I28: RANGE_PARTY | J28: 1 | U28: インドゥルゲンティア | Z28: 450 | AK28: 250 | AM28: 15 | AN28: 175 | AQ28: 1000 | AU28: https://xivapi.com/i/002000/002127.png | AV28: Medica III | AW28: Resega | AX28: Méga Médica
B29: 学者 | C29: 疾風怒濤の計 | D29: =IMAGE(AU29) | E29: 90 | F29: 20 | G29: 120 | H29: TRUE | I29: RANGE_PARTY | J29: 1 | K29: 20 | L29: 0.9 | M29: 0.9 | N29: 0.9 | AU29: https://xivapi.com/i/002000/002878.png | AV29: Expedient | AW29: Sturm und Drang | AX29: Thèse fluidique | AY29: 질풍노도계 | AZ29: 疾风怒涛之计
B30: 賢者 | C30: プネウマ | D30: =IMAGE(AU30) | E30: 90 | F30: 0 | G30: 120 | H30: TRUE | I30: RANGE_PARTY | J30: 1 | AK30: 600 | AQ30: 700 | AU30: https://xivapi.com/i/003000/003686.png | AV30: Pneuma | AW30: Pneuma | AX30: Pneuma | AY30: 프네우마 | AZ30: 魂灵风息
B31: 占星術師 | C31: マクロコスモス(最小) | D31: =IMAGE(AU31) | E31: 90 | F31: 0 | G31: 180 | H31: TRUE | I31: RANGE_PARTY | J31: 1 | AK31: 200 | AU31: https://xivapi.com/i/003000/003562.png | AV31: Macrocosmos(minimum) | AW31: Makrokosmos(minimum) | AX31: Macrocosme(le minimum) | AY31: 대우주(최소) | AZ31: 大宇宙(最低限度)
B32: 占星術師 | C32: マクロコスモス(被ダメ50%分) | D32: =IMAGE(AU32) | E32: 90 | F32: 0 | G32: 180 | H32: TRUE | I32: RANGE_PARTY | J32: 1 | AU32: https://xivapi.com/i/003000/003562.png | AV32: Macrocosmos(50% damage received) | AW32: Makrokosmos(50 % erlittener Schaden) | AX32: Macrocosme(50 % de dégâts reçus) | AY32: 대우주(피 안 50%) | AZ32: 大宇宙(受到 50% 的伤害)
B33: 白魔道士 | C33: リタージー・オブ・ベル(ダメージトリガー) | D33: =IMAGE(AU33) | E33: 90 | F33: 0 | G33: 180 | H33: TRUE | I33: RANGE_PARTY | J33: 1 | AK33: 400 | AU33: https://xivapi.com/i/002000/002649.png | AV33: Liturgy of the Bell(damage trigger) | AW33: Glockenspiel(Schaden auslösen) | AX33: Tintinnabule(déclencheur de dégâts) | AY33: 예배종(데미지 트리거) | AZ33: 礼仪之铃(伤害触发)
B34: 白魔道士 | C34: リタージー・オブ・ベル(時間経過:残1) | D34: =IMAGE(AU34) | E34: 90 | F34: 0 | G34: 180 | H34: TRUE | I34: RANGE_PARTY | J34: 1 | AK34: 200 | AU34: https://xivapi.com/i/002000/002649.png | AV34: Liturgy of the Bell(Time Lapse: Stack 1) | AW34: Glockenspiel(Zeitraffer: Stapel 1) | AX34: Tintinnabule(Time Lapse : Pile 1) | AY34: 예배종(시간 경과 : 스택 1) | AZ34: 礼仪之铃(延时摄影：堆栈 1)
B35: 白魔道士 | C35: リタージー・オブ・ベル(時間経過:残2) | D35: =IMAGE(AU35) | E35: 90 | F35: 0 | G35: 180 | H35: TRUE | I35: RANGE_PARTY | J35: 1 | AK35: 400 | AU35: https://xivapi.com/i/002000/002649.png | AV35: Liturgy of the Bell(Time Lapse: Stack 2) | AW35: Glockenspiel(Zeitraffer: Stapel 2) | AX35: Tintinnabule(Time Lapse : Pile 2) | AY35: 예배종(시간 경과 : 스택 2) | AZ35: 礼仪之铃(延时摄影：堆栈 2)
B36: 白魔道士 | C36: リタージー・オブ・ベル(時間経過:残3) | D36: =IMAGE(AU36) | E36: 90 | F36: 0 | G36: 180 | H36: TRUE | I36: RANGE_PARTY | J36: 1 | AK36: 600 | AU36: https://xivapi.com/i/002000/002649.png | AV36: Liturgy of the Bell(Time Lapse: Stack 3) | AW36: Glockenspiel(Zeitraffer: Stapel 3) | AX36: Tintinnabule(Time Lapse : Pile 3) | AY36: 예배종(시간 경과 : 스택 3) | AZ36: 礼仪之铃(延时摄影：堆栈 3)
B37: 白魔道士 | C37: リタージー・オブ・ベル(時間経過:残4) | D37: =IMAGE(AU37) | E37: 90 | F37: 0 | G37: 180 | H37: TRUE | I37: RANGE_PARTY | J37: 1 | AK37: 800 | AU37: https://xivapi.com/i/002000/002649.png | AV37: Liturgy of the Bell(Time Lapse: Stack 4) | AW37: Glockenspiel(Zeitraffer: Stapel 4) | AX37: Tintinnabule(Time Lapse : Pile 4) | AY37: 예배종(시간 경과 : 스택 4) | AZ37: 礼仪之铃(延时摄影：堆栈 4)
B38: 白魔道士 | C38: リタージー・オブ・ベル(時間経過:残5) | D38: =IMAGE(AU38) | E38: 90 | F38: 0 | G38: 180 | H38: TRUE | I38: RANGE_PARTY | J38: 1 | AK38: 1000 | AU38: https://xivapi.com/i/002000/002649.png | AV38: Liturgy of the Bell(Time Lapse: Stack 5) | AW38: Glockenspiel(Zeitraffer: Stapel 5) | AX38: Tintinnabule(Time Lapse : Pile 5) | AY38: 예배종(시간 경과 : 스택 5) | AZ38: 礼仪之铃(延时摄影：堆栈 5)
B39: ナイト | C39: ディヴァインヴェール | D39: =IMAGE(AU39) | E39: 88 | F39: 30 | G39: 90 | H39: TRUE | I39: RANGE_PARTY | J39: 1 | AI39: 30 | AJ39: 0.1 | AK39: 400 | AU39: https://xivapi.com/i/002000/002508.png | AV39: Divine Veil | AW39: Heiliger Quell | AX39: Voile divin | AY39: 신성한 보호막 | AZ39: 圣光幕帘
B40: ピクトマンサー | C40: テンペラグラッサ | D40: =IMAGE(AU40) | E40: 88 | F40: 10 | G40: 1 | H40: TRUE | I40: SELF | J40: 1 | AI40: 10 | AJ40: 0.1 | AR40: 10 | AU40: https://xivapi.com/i/003000/003836.png | AV40: Tempera Grassa | AW40: Fette Tempera | AX40: Tempera grassa
B41: 学者 | C41: 展開戦術 | D41: =IMAGE(AU41) | E41: 88 | F41: 0 | G41: 90 | H41: TRUE | I41: RANGE_PARTY | J41: 1 | AU41: https://xivapi.com/i/002000/002808.png | AV41: Deployment Tactics | AW41: Dislokation | AX41: Stratagème du déploiement | AY41: 전개전술 | AZ41: 展开战术
B42: 機工士 | C42: タクティシャン | D42: =IMAGE(AU42) | E42: 88 | F42: 15 | G42: 90 | H42: TRUE | I42: RANGE_PARTY | J42: 1 | K42: 15 | L42: 0.9 | M42: 0.9 | N42: 0.9 | AU42: https://xivapi.com/i/003000/003040.png | AV42: Tactician | AW42: Taktiker | AX42: Tacticien | AY42: 책략가 | AZ42: 策动
B43: 吟遊詩人 | C43: トルバドゥール | D43: =IMAGE(AU43) | E43: 88 | F43: 15 | G43: 90 | H43: TRUE | I43: RANGE_PARTY | J43: 1 | K43: 15 | L43: 0.9 | M43: 0.9 | N43: 0.9 | AU43: https://xivapi.com/i/002000/002612.png | AV43: Troubadour | AW43: Troubadour | AX43: Troubadour | AY43: 방랑하는 음악가 | AZ43: 行吟
B44: 賢者 | C44: ゾーエ | D44: =IMAGE(AU44) | E44: 88 | F44: 10 | G44: 90 | H44: TRUE | I44: SELF | J44: 1 | AE44: SELF_EFFECTED_GCD | AF44: 30 | AH44: 1.5 | AU44: https://xivapi.com/i/003000/003668.png | AV44: Zoe | AW44: Zoe | AX44: Zoe | AY44: 생명력 | AZ44: 活化
B45: 占星術師 | C45: 星天交差 | D45: =IMAGE(AU45) | E45: 88 | F45: 30 | G45: 30 | H45: TRUE | I45: SINGLE_PARTY | J45: 2 | AK45: 200 | AO45: 30 | AP45: 400 | AU45: https://xivapi.com/i/003000/003556.png | AV45: Celestial Intersection | AW45: Kongruenz | AX45: Rencontre céleste | AY45: 천궁의 교차 | AZ45: 巨星主宰
B46: 白魔道士 | C46: ディヴァインベニゾン | D46: =IMAGE(AU46) | E46: 88 | F46: 15 | G46: 30 | H46: TRUE | I46: SINGLE_PARTY | J46: 2 | AO46: 15 | AP46: 500 | AU46: https://xivapi.com/i/002000/002638.png | AV46: Divine Benison | AW46: Göttlicher Segen | AX46: Faveur divine | AY46: 신성한 축복 | AZ46: 神祝祷
B47: 踊り子 | C47: 守りのサンバ | D47: =IMAGE(AU47) | E47: 88 | F47: 15 | G47: 90 | H47: TRUE | I47: RANGE_PARTY | J47: 1 | K47: 15 | L47: 0.9 | M47: 0.9 | N47: 0.9 | AU47: https://xivapi.com/i/003000/003469.png | AV47: Shield Samba | AW47: Schildsamba | AX47: Samba protectrice | AY47: 수세의 삼바 | AZ47: 防守之桑巴
B48: 学者 | C48: 生命回生法 | D48: =IMAGE(AU48) | E48: 86 | F48: 10 | G48: 60 | H48: TRUE | I48: SINGLE_PARTY | J48: 1 | AC48: 10 | AD48: 1.1 | AU48: https://xivapi.com/i/002000/002877.png | AV48: Protraction | AW48: Protraktion | AX48: Loi de la protraction | AY48: 생명회생술 | AZ48: 生命回生法
B49: 赤魔道士 | C49: バマジク | D49: =IMAGE(AU49) | E49: 86 | F49: 10 | G49: 120 | H49: TRUE | I49: RANGE_PARTY | J49: 1 | K49: 10 | L49: 0.9 | M49: 1 | N49: 1 | AE49: RANGE_AFFECTED_ALL | AF49: 10 | AH49: 1.05 | AU49: https://xivapi.com/i/003000/003237.png | AV49: Magick Barrier | AW49: Magiebarriere | AX49: Barrière anti-magie | AY49: 바매직 | AZ49: 抗死
B50: 占星術師 | C50: エクザルテーション | D50: =IMAGE(AU50) | E50: 86 | F50: 8 | G50: 60 | H50: TRUE | I50: SINGLE_PARTY | J50: 1 | K50: 8 | L50: 0.9 | M50: 0.9 | N50: 0.9 | AK50: 500 | AU50: https://xivapi.com/i/003000/003561.png | AV50: Exaltation | AW50: Exaltation | AX50: Exaltation | AY50: 성위 격상 | AZ50: 擢升
B51: 白魔道士 | C51: アクアヴェール | D51: =IMAGE(AU51) | E51: 86 | F51: 8 | G51: 60 | H51: TRUE | I51: SINGLE_PARTY | J51: 1 | K51: 8 | L51: 0.85 | M51: 0.85 | N51: 0.85 | AU51: https://xivapi.com/i/002000/002648.png | AV51: Aquaveil | AW51: Wasserschleier | AX51: Aquavoile | AY51: 물의 장막 | AZ51: 水流幕
B52: 学者 | C52: フィジク | D52: =IMAGE(AU52) | E52: 85 | F52: 0 | G52: 2.5 | H52: FALSE | I52: SINGLE_PARTY | J52: 1 | AK52: 450 | AQ52: 400 | AU52: https://xivapi.com/i/000000/000518.png | AV52: Physick | AW52: Physick | AX52: Médecine | AY52: 치유술 | AZ52: 医术
B53: 学者 | C53: 鼓舞激励の策 | D53: =IMAGE(AU53) | E53: 85 | F53: 30 | G53: 2.5 | H53: FALSE | I53: SINGLE_PARTY | J53: 1 | U53: 秘策 | AA53: 30 | AB53: 540 | AK53: 300 | AO53: 30 | AP53: 540 | AQ53: 900 | AU53: https://xivapi.com/i/002000/002801.png | AV53: Adloquium | AW53: Adloquium | AX53: Traité du réconfort | AY53: 고무격려책 | AZ53: 鼓舞激励之策
B54: 学者 | C54: 士気高揚の策 | D54: =IMAGE(AU54) | E54: 85 | F54: 30 | G54: 2.5 | H54: FALSE | I54: RANGE_PARTY | J54: 1 | AK54: 200 | AO54: 30 | AP54: 320 | AQ54: 900 | AU54: https://xivapi.com/i/002000/002802.png | AV54: Succor | AW54: Kurieren | AX54: Traité du soulagement | AY54: 사기고양책 | AZ54: 士气高扬之策
B55: 賢者 | C55: エウクラシア・ディアグノシス | D55: =IMAGE(AU55) | E55: 85 | F55: 30 | G55: 2.5 | H55: FALSE | I55: SINGLE_PARTY | J55: 1 | AK55: 300 | AO55: 30 | AP55: 540 | AQ55: 800 | AU55: https://xivapi.com/i/003000/003659.png | AV55: Eukrasian Diagnosis | AW55: Eukratische Diagnose | AX55: Diagnosis eucrasique | AY55: 정상건강: 진단치료 | AZ55: 均衡诊断
B56: 賢者 | C56: エウクラシア・プログノシス | D56: =IMAGE(AU56) | E56: 85 | F56: 30 | G56: 2.5 | H56: FALSE | I56: RANGE_PARTY | J56: 1 | AK56: 100 | AO56: 30 | AP56: 320 | AQ56: 800 | AU56: https://xivapi.com/i/003000/003660.png | AV56: Eukrasian Prognosis | AW56: Eukratische Prognose | AX56: Prognosis eucrasique | AY56: 정상건강: 예후 | AZ56: 均衡预后
B57: 賢者 | C57: ディアグノシス | D57: =IMAGE(AU57) | E57: 85 | F57: 0 | G57: 2.5 | H57: FALSE | I57: SINGLE_PARTY | J57: 1 | AK57: 450 | AQ57: 400 | AU57: https://xivapi.com/i/003000/003652.png | AV57: Diagnosis | AW57: Diagnose | AX57: Diagnosis | AY57: 진단치료 | AZ57: 诊断
B58: 占星術師 | C58: アスペクト・ベネフィク | D58: =IMAGE(AU58) | E58: 85 | F58: 15 | G58: 2.5 | H58: FALSE | I58: SINGLE_PARTY | J58: 1 | U58: ニュートラルセクト | AA58: 30 | AB58: 625 | AK58: 250 | AM58: 15 | AN58: 250 | AQ58: 400 | AU58: https://xivapi.com/i/003000/003127.png | AV58: Aspected Benefic | AW58: Harmonischer Orbis | AX58: Bienfaisance aspectée | AY58: 별읽기: 베네피크 | AZ58: 吉星相位
B59: 占星術師 | C59: アスペクト・ヘリオス | D59: =IMAGE(AU59) | E59: 85 | F59: 15 | G59: 2.5 | H59: FALSE | I59: RANGE_PARTY | J59: 1 | U59: ニュートラルセクト | AA59: 30 | AB59: 312.5 | AK59: 250 | AM59: 15 | AN59: 150 | AQ59: 800 | AU59: https://xivapi.com/i/003000/003130.png | AV59: Aspected Helios | AW59: Aspektierter Helios | AX59: Hélios aspecté | AY59: 별읽기: 헬리오스 | AZ59: 阳星相位
B60: 占星術師 | C60: ベネフィク | D60: =IMAGE(AU60) | E60: 85 | F60: 0 | G60: 2.5 | H60: FALSE | I60: SINGLE_PARTY | J60: 1 | AK60: 500 | AQ60: 400 | AU60: https://xivapi.com/i/003000/003126.png | AV60: Benefic | AW60: Harmonieaspekt | AX60: Bienfaisance | AY60: 베네피크 | AZ60: 吉星
B61: 占星術師 | C61: ベネフィラ | D61: =IMAGE(AU61) | E61: 85 | F61: 0 | G61: 2.5 | H61: FALSE | I61: SINGLE_PARTY | J61: 1 | AK61: 800 | AQ61: 700 | AU61: https://xivapi.com/i/003000/003128.png | AV61: Benefic II | AW61: Harmonieaspekt II | AX61: Bienfaisance II | AY61: 베네피라 | AZ61: 福星
B62: 占星術師 | C62: ヘリオス | D62: =IMAGE(AU62) | E62: 85 | F62: 0 | G62: 2.5 | H62: FALSE | I62: RANGE_PARTY | J62: 1 | AK62: 400 | AQ62: 700 | AU62: https://xivapi.com/i/003000/003129.png | AV62: Helios | AW62: Helios | AX62: Hélios | AY62: 헬리오스 | AZ62: 阳星
B63: 白魔道士 | C63: ケアル | D63: =IMAGE(AU63) | E63: 85 | F63: 0 | G63: 2.5 | H63: FALSE | I63: SINGLE_PARTY | J63: 1 | AK63: 500 | AQ63: 400 | AU63: https://xivapi.com/i/000000/000405.png | AV63: Cure | AW63: Vita | AX63: Soin | AY63: 케알 | AZ63: 治疗
B64: 白魔道士 | C64: ケアルガ | D64: =IMAGE(AU64) | E64: 85 | F64: 0 | G64: 2.5 | H64: FALSE | I64: RANGE_PARTY | J64: 1 | U64: インドゥルゲンティア | Z64: 800 | AK64: 600 | AQ64: 1500 | AU64: https://xivapi.com/i/000000/000407.png | AV64: Cure III | AW64: Vitaga | AX64: Méga Soin | AY64: 케알가 | AZ64: 愈疗
B65: 白魔道士 | C65: ケアルラ | D65: =IMAGE(AU65) | E65: 85 | F65: 0 | G65: 2.5 | H65: FALSE | I65: SINGLE_PARTY | J65: 1 | AK65: 800 | AQ65: 1000 | AU65: https://xivapi.com/i/000000/000406.png | AV65: Cure II | AW65: Vitra | AX65: Extra Soin | AY65: 케알라 | AZ65: 救疗
B66: 白魔道士 | C66: ハート・オブ・ソラス | D66: =IMAGE(AU66) | E66: 85 | F66: 0 | G66: 2.5 | H66: FALSE | I66: SINGLE_PARTY | J66: 1 | AK66: 800 | AU66: https://xivapi.com/i/002000/002640.png | AV66: Afflatus Solace | AW66: Afflatus solatii | AX66: Offrande de réconfort | AY66: 위로의 마음 | AZ66: 安慰之心
B67: 白魔道士 | C67: ハート・オブ・ラプチャー | D67: =IMAGE(AU67) | E67: 85 | F67: 0 | G67: 2.5 | H67: FALSE | I67: RANGE_PARTY | J67: 1 | AK67: 400 | AU67: https://xivapi.com/i/002000/002643.png | AV67: Afflatus Rapture | AW67: Afflatus laetitiae | AX67: Offrande de ravissement | AY67: 황홀한 마음 | AZ67: 狂喜之心
B68: 白魔道士 | C68: メディカ | D68: =IMAGE(AU68) | E68: 85 | F68: 0 | G68: 2.5 | H68: FALSE | I68: RANGE_PARTY | J68: 1 | U68: インドゥルゲンティア | Z68: 600 | AK68: 400 | AQ68: 900 | AU68: https://xivapi.com/i/000000/000408.png | AV68: Medica | AW68: Reseda | AX68: Médica | AY68: 메디카 | AZ68: 医治
B69: 白魔道士 | C69: メディカラ | D69: =IMAGE(AU69) | E69: 85 | F69: 15 | G69: 2.5 | H69: FALSE | I69: RANGE_PARTY | J69: 1 | AK69: 250 | AM69: 15 | AN69: 150 | AQ69: 1000 | AU69: https://xivapi.com/i/000000/000409.png | AV69: Medica II | AW69: Resedra | AX69: Extra Médica | AY69: 메디카라 | AZ69: 医济
B70: 白魔道士 | C70: リジェネ | D70: =IMAGE(AU70) | E70: 85 | F70: 18 | G70: 2.5 | H70: FALSE | I70: SINGLE_PARTY | J70: 1 | U70: インドゥルゲンティア | Z70: 450 | AM70: 18 | AN70: 250 | AQ70: 500 | AU70: https://xivapi.com/i/002000/002628.png | AV70: Regen | AW70: Regena | AX70: Récup | AY70: 리제네 | AZ70: 再生
B71: 戦士 | C71: エクリブリウム | D71: =IMAGE(AU71) | E71: 84 | F71: 0 | G71: 60 | H71: TRUE | I71: SELF | J71: 1 | AK71: 1200 | AM71: 15 | AN71: 200 | AU71: https://xivapi.com/i/002000/002560.png | AV71: Equilibrium | AW71: Äquilibrium | AX71: Équilibre | AY71: 평정심 | AZ71: 泰然自若
B72: ガンブレイカー | C72: ハート・オブ・コランダム | D72: =IMAGE(AU72) | E72: 82 | F72: 8 | G72: 25 | H72: TRUE | I72: SINGLE_PARTY | J72: 1 | K72: 8 | L72: 0.85 | M72: 0.85 | N72: 0.85 | Q72: 4 | R72: 0.85 | S72: 0.85 | T72: 0.85 | AU72: https://xivapi.com/i/003000/003430.png | AV72: Heart of Corundum | AW72: Herz des Korunds | AX72: Cœur de corindon | AY72: 강옥의 심장 | AZ72: 刚玉之心
B73: ナイト | C73: インターベンション | D73: =IMAGE(AU73) | E73: 82 | F73: 8 | G73: 10 | H73: TRUE | I73: SINGLE_PARTY | J73: 1 | K73: 8 | L73: 0.9 | M73: 0.9 | N73: 0.9 | Q73: 4 | R73: 0.9 | S73: 0.9 | T73: 0.9 | U73: ランパート|センチネル|エクストリームガード | W73: 0.8 | X73: 0.8 | Y73: 0.8 | AM73: 12 | AN73: 250 | AU73: https://xivapi.com/i/002000/002512.png | AV73: Intervention | AW73: Intervention | AX73: Intervention | AY73: 중재 | AZ73: 干预
B74: ナイト | C74: ホーリーシェルトロン | D74: =IMAGE(AU74) | E74: 82 | F74: 8 | G74: 5 | H74: TRUE | I74: SELF | J74: 1 | K74: 8 | L74: 0.85 | M74: 0.85 | N74: 0.85 | Q74: 4 | R74: 0.85 | S74: 0.85 | T74: 0.85 | AM74: 12 | AN74: 250 | AU74: https://xivapi.com/i/002000/002950.png | AV74: Holy Sheltron | AW74: Heiliges Schiltron | AX74: Schiltron sacré | AY74: 신성한 방벽 | AZ74: 圣盾阵
B75: 暗黒騎士 | C75: オブレーション | D75: =IMAGE(AU75) | E75: 82 | F75: 10 | G75: 60 | H75: TRUE | I75: SINGLE_PARTY | J75: 2 | K75: 10 | L75: 0.9 | M75: 0.9 | N75: 0.9 | AU75: https://xivapi.com/i/003000/003089.png | AV75: Oblation | AW75: Opfergabe | AX75: Oblation | AY75: 헌신 | AZ75: 献奉
B76: 戦士 | C76: 原初の血気 | D76: =IMAGE(AU76) | E76: 82 | F76: 8 | G76: 25 | H76: TRUE | I76: SELF | J76: 1 | K76: 8 | L76: 0.9 | M76: 0.9 | N76: 0.9 | Q76: 4 | R76: 0.9 | S76: 0.9 | T76: 0.9 | AU76: https://xivapi.com/i/002000/002569.png | AV76: Bloodwhetting | AW76: Urimpuls | AX76: Intuition fougueuse | AY76: 원초의 혈기 | AZ76: 原初的血气
B77: 戦士 | C77: 原初の猛り | D77: =IMAGE(AU77) | E77: 82 | F77: 8 | G77: 25 | H77: TRUE | I77: SINGLE_PARTY | J77: 1 | K77: 8 | L77: 0.9 | M77: 0.9 | N77: 0.9 | Q77: 4 | R77: 0.9 | S77: 0.9 | T77: 0.9 | AU77: https://xivapi.com/i/002000/002567.png | AV77: Nascent Flash | AW77: Urflackern | AX77: Exaltation naissante | AY77: 원초의 분노 | AZ77: 原初的勇猛
B78: 学者 | C78: サモン・セラフィム | D78: =IMAGE(AU78) | E78: 80 | F78: 22 | G78: 120 | H78: TRUE | I78: SELF | J78: 1 | K78: 22 | AU78: https://xivapi.com/i/002000/002850.png | AV78: Summon Seraph | AW78: Seraph-Beschwörung | AX78: Invocation Séraphin | AY78: 세라핌 소환 | AZ78: 炽天召唤
B79: 学者 | C79: コンソレイション | D79: =IMAGE(AU79) | E79: 80 | F79: 0 | G79: 30 | H79: TRUE | I79: RANGE_PARTY | J79: 1 | AK79: 162.5 | AP79: 162.5 | AR79: 22 | AS79: サモン・セラフィム | AU79: https://xivapi.com/i/002000/002851.png | AV79: Consolation | AW79: Seelentrost | AX79: Dictame | AY79: 위안 | AZ79: 慰藉
B80: 賢者 | C80: パンハイマ | D80: =IMAGE(AU80) | E80: 80 | F80: 15 | G80: 120 | H80: TRUE | I80: RANGE_PARTY | J80: 1 | AO80: 15 | AP80: 200 | AU80: https://xivapi.com/i/003000/003679.png | AV80: Panhaima | AW80: Panhaima | AX80: Panhaima | AY80: 온혈액 | AZ80: 泛输血
B81: 賢者 | C81: パンハイマ(時間経過:残1) | D81: =IMAGE(AU81) | E81: 80 | F81: 0 | G81: 120 | H81: TRUE | I81: RANGE_PARTY | J81: 1 | AK81: 100 | AU81: https://xivapi.com/i/003000/003679.png | AV81: Panhaima(Time Lapse: Stack 1) | AW81: Panhaima(Zeitraffer: Stapel 1) | AX81: Panhaima(Time Lapse : Pile 1) | AY81: 온혈액(시간 경과 : 스택 1) | AZ81: 泛输血(延时摄影：堆栈 1)
B82: 賢者 | C82: パンハイマ(時間経過:残2) | D82: =IMAGE(AU82) | E82: 80 | F82: 0 | G82: 120 | H82: TRUE | I82: RANGE_PARTY | J82: 1 | AK82: 200 | AU82: https://xivapi.com/i/003000/003679.png | AV82: Panhaima(Time Lapse: Stack 2) | AW82: Panhaima(Zeitraffer: Stapel 2) | AX82: Panhaima(Time Lapse : Pile 2) | AY82: 온혈액(시간 경과 : 스택 2) | AZ82: 泛输血(延时摄影：堆栈 2)
B83: 賢者 | C83: パンハイマ(時間経過:残3) | D83: =IMAGE(AU83) | E83: 80 | F83: 0 | G83: 120 | H83: TRUE | I83: RANGE_PARTY | J83: 1 | AK83: 300 | AU83: https://xivapi.com/i/003000/003679.png | AV83: Panhaima(Time Lapse: Stack 3) | AW83: Panhaima(Zeitraffer: Stapel 3) | AX83: Panhaima(Time Lapse : Pile 3) | AY83: 온혈액(시간 경과 : 스택 3) | AZ83: 泛输血(延时摄影：堆栈 3)
B84: 賢者 | C84: パンハイマ(時間経過:残4) | D84: =IMAGE(AU84) | E84: 80 | F84: 0 | G84: 120 | H84: TRUE | I84: RANGE_PARTY | J84: 1 | AK84: 400 | AU84: https://xivapi.com/i/003000/003679.png | AV84: Panhaima(Time Lapse: Stack 4) | AW84: Panhaima(Zeitraffer: Stapel 4) | AX84: Panhaima(Time Lapse : Pile 4) | AY84: 온혈액(시간 경과 : 스택 4) | AZ84: 泛输血(延时摄影：堆栈 4)
B85: 賢者 | C85: パンハイマ(時間経過:残5) | D85: =IMAGE(AU85) | E85: 80 | F85: 0 | G85: 120 | H85: TRUE | I85: RANGE_PARTY | J85: 1 | AK85: 500 | AU85: https://xivapi.com/i/003000/003679.png | AV85: Panhaima(Time Lapse: Stack 5) | AW85: Panhaima(Zeitraffer: Stapel 5) | AX85: Panhaima(Time Lapse : Pile 5) | AY85: 온혈액(시간 경과 : 스택 5) | AZ85: 泛输血(延时摄影：堆栈 5)
B86: 占星術師 | C86: ニュートラルセクト | D86: =IMAGE(AU86) | E86: 80 | F86: 30 | G86: 120 | H86: TRUE | I86: SELF | J86: 1 | AE86: SELF_EFFECTED_GCD | AF86: 20 | AH86: 1.2 | AU86: https://xivapi.com/i/003000/003552.png | AV86: Neutral Sect | AW86: Neutral | AX86: Adepte de la neutralité | AY86: 하루별읽기 | AZ86: 中间学派
B87: 白魔道士 | C87: テンパランス | D87: =IMAGE(AU87) | E87: 80 | F87: 20 | G87: 120 | H87: TRUE | I87: RANGE_PARTY | J87: 1 | K87: 20 | L87: 0.9 | M87: 0.9 | N87: 0.9 | AE87: SELF_EFFECTED_GCD | AF87: 20 | AH87: 1.2 | AU87: https://xivapi.com/i/002000/002645.png | AV87: Temperance | AW87: Linderung | AX87: Tempérance | AY87: 절제 | AZ87: 节制
B88: 踊り子 | C88: インプロビゼーションフィニッシュ | D88: =IMAGE(AU88) | E88: 80 | F88: 0 | G88: 120 | H88: TRUE | I88: RANGE_PARTY | J88: 1 | AU88: https://xivapi.com/i/003000/003479.png | AV88: Improvised Finish | AW88: Improvisiertes Finale | AX88: Final improvisé | AY88: 즉흥 연기 마무리 | AZ88: 即兴表演结束
B89: 踊り子 | C89: インプロビゼーションフィニッシュ(踊りの激情0) | D89: =IMAGE(AU89) | E89: 80 | F89: 0 | G89: 120 | H89: TRUE | I89: RANGE_PARTY | J89: 1 | AI89: 30 | AJ89: 0.05 | AU89: https://xivapi.com/i/003000/003479.png | AV89: Improvised Finish(Rising Rhythm 0) | AW89: Improvisiertes Finale(Tanzekstase 0) | AX89: Final improvisé(Frénésie des danseurs 0) | AY89: 즉흥 연기 마무리(열정 중첩 0) | AZ89: 即兴表演结束(舞动的热情 0)
B90: 踊り子 | C90: インプロビゼーションフィニッシュ(踊りの激情1) | D90: =IMAGE(AU90) | E90: 80 | F90: 0 | G90: 120 | H90: TRUE | I90: RANGE_PARTY | J90: 1 | AI90: 30 | AJ90: 0.06 | AU90: https://xivapi.com/i/003000/003479.png | AV90: Improvised Finish(Rising Rhythm 1) | AW90: Improvisiertes Finale(Tanzekstase 1) | AX90: Final improvisé(Frénésie des danseurs 1) | AY90: 즉흥 연기 마무리(열정 중첩 1) | AZ90: 即兴表演结束(舞动的热情 1)
B91: 踊り子 | C91: インプロビゼーションフィニッシュ(踊りの激情2) | D91: =IMAGE(AU91) | E91: 80 | F91: 0 | G91: 120 | H91: TRUE | I91: RANGE_PARTY | J91: 1 | AI91: 30 | AJ91: 0.07 | AU91: https://xivapi.com/i/003000/003479.png | AV91: Improvised Finish(Rising Rhythm 2) | AW91: Improvisiertes Finale(Tanzekstase 2) | AX91: Final improvisé(Frénésie des danseurs 2) | AY91: 즉흥 연기 마무리(열정 중첩 2) | AZ91: 即兴表演结束(舞动的热情 2)
B92: 踊り子 | C92: インプロビゼーションフィニッシュ(踊りの激情3) | D92: =IMAGE(AU92) | E92: 80 | F92: 0 | G92: 120 | H92: TRUE | I92: RANGE_PARTY | J92: 1 | AI92: 30 | AJ92: 0.08 | AU92: https://xivapi.com/i/003000/003479.png | AV92: Improvised Finish(Rising Rhythm 3) | AW92: Improvisiertes Finale(Tanzekstase 3) | AX92: Final improvisé(Frénésie des danseurs 3) | AY92: 즉흥 연기 마무리(열정 중첩 3) | AZ92: 即兴表演结束(舞动的热情 3)
B93: 踊り子 | C93: インプロビゼーションフィニッシュ(踊りの激情4) | D93: =IMAGE(AU93) | E93: 80 | F93: 0 | G93: 120 | H93: TRUE | I93: RANGE_PARTY | J93: 1 | AI93: 30 | AJ93: 0.1 | AU93: https://xivapi.com/i/003000/003479.png | AV93: Improvised Finish(Rising Rhythm 4) | AW93: Improvisiertes Finale(Tanzekstase 4) | AX93: Final improvisé(Frénésie des danseurs 4) | AY93: 즉흥 연기 마무리(열정 중첩 4) | AZ93: 即兴表演结束(舞动的热情 4)
B94: 学者 | C94: 野戦治療の陣 | D94: =IMAGE(AU94) | E94: 78 | F94: 15 | G94: 30 | H94: TRUE | I94: RANGE_PARTY | J94: 1 | K94: 15 | L94: 0.9 | M94: 0.9 | N94: 0.9 | AM94: 15 | AN94: 100 | AU94: https://xivapi.com/i/002000/002804.png | AV94: Sacred Soil | AW94: Geweihte Erde | AX94: Dogme de survie | AY94: 야전치유진 | AZ94: 野战治疗阵
B95: 賢者 | C95: ケーラコレ | D95: =IMAGE(AU95) | E95: 78 | F95: 15 | G95: 30 | H95: TRUE | I95: RANGE_PARTY | J95: 1 | K95: 15 | L95: 0.9 | M95: 0.9 | N95: 0.9 | AM95: 15 | AN95: 100 | AU95: https://xivapi.com/i/003000/003666.png | AV95: Kerachole | AW95: Kerachole | AX95: Kerachole | AY95: 케이라콜레 | AZ95: 坚角清汁
B96: 占星術師 | C96: ディグニティ(最小) | D96: =IMAGE(AU96) | E96: 78 | F96: 0 | G96: 40 | H96: TRUE | I96: SINGLE_PARTY | J96: 2 | AK96: 400 | AU96: https://xivapi.com/i/003000/003141.png | AV96: Essential Dignity(minimum) | AW96: Essenzielle Würde(minimum) | AX96: Dignité essentielle(le minimum) | AY96: 본질적 위계(최소) | AZ96: 先天禀赋(最低限度)
B97: 占星術師 | C97: ディグニティ(最大) | D97: =IMAGE(AU97) | E97: 78 | F97: 0 | G97: 40 | H97: TRUE | I97: SINGLE_PARTY | J97: 2 | AK97: 900 | AU97: https://xivapi.com/i/003000/003141.png | AV97: Essential Dignity(maximum) | AW97: Essenzielle Würde(maximal) | AX97: Dignité essentielle(maximum) | AY97: 본질적 위계(최대) | AZ97: 先天禀赋(最大)
B98: 戦士 | C98: スリル・オブ・バトル | D98: =IMAGE(AU98) | E98: 78 | F98: 10 | G98: 90 | H98: TRUE | I98: SELF | J98: 1 | AC98: 10 | AD98: 1.2 | AE98: SELF_AFFECTED_ALL | AF98: 10 | AH98: 1.2 | AU98: https://xivapi.com/i/000000/000263.png | AV98: Thrill of Battle | AW98: Kampfrausch | AX98: Frisson de la bataille | AY98: 전투의 짜릿함 | AZ98: 战栗
B99: 暗黒騎士 | C99: ダークミッショナリー | D99: =IMAGE(AU99) | E99: 66 | F99: 15 | G99: 90 | H99: TRUE | I99: RANGE_PARTY | J99: 1 | K99: 15 | L99: 0.9 | M99: 0.95 | N99: 1 | AU99: https://xivapi.com/i/003000/003087.png | AV99: Dark Missionary | AW99: Dunkler Bote | AX99: Missionnaire des Ténèbres | AY99: 어둠의 포교자 | AZ99: 暗黑布道
B100: 学者 | C100: フェイブレッシング | D100: =IMAGE(AU100) | E100: 76 | F100: 0 | G100: 60 | H100: TRUE | I100: RANGE_PARTY | J100: 1 | AK100: 208 | AU100: https://xivapi.com/i/002000/002854.png | AV100: Fey Blessing | AW100: Gunst der Feen | AX100: Bénédiction féérique | AY100: 요정의 축복 | AZ100: 异想的祥光
B101: 賢者 | C101: ホーリズム | D101: =IMAGE(AU101) | E101: 76 | F101: 20 | G101: 120 | H101: TRUE | I101: RANGE_PARTY | J101: 1 | K101: 20 | L101: 0.9 | M101: 0.9 | N101: 0.9 | AK101: 300 | AO101: 30 | AP101: 300 | AU101: https://xivapi.com/i/003000/003678.png | AV101: Holos | AW101: Holos | AX101: Holos | AY101: 전체론 | AZ101: 整体论
...

Sheet Phase 1
AM1: wa
B2: Phase | C2: Total Time | D2: Time | E2: Action | F2: Type | G2: Type | H2: Damage | I2: Damage | J2: Damage | K2: Mitigation | L2: Mitigation | M2: Barrier | N2: Mitigation | O2: Mitigation | P2: Mitigation | Q2: Mitigation | R2: Mitigation | S2: Mitigation | T2: Mitigation | U2: Barrier | V2: Mitigation | W2: Mitigation | X2: Mitigation | Y2: Mitigation | Z2: Mitigation | AA2: Heal | AB2: Mitigation | AC2: Mitigation | AD2: Mitigation | AE2: Barrier | AF2: Mitigation | AG2: Mitigation | AH2: Mitigation | AI2: Mitigation | AJ2: Mitigation | AK2: Mitigation | AL2: Mitigation | AM2: Mitigation | AN2: Mitigation | AO2: Mitigation | AP2: Mitigation | AQ2: Mitigation | AR2: Mitigation | AS2: Mitigation | AT2: Barrier | AU2: Heal | AV2: Heal | AW2: Heal | AX2: Heal | AY2: Mitigation | AZ2: Barrier | BA2: Barrier | BB2: Heal | BC2: Heal | BD2: Heal | BE2: Mitigation | BF2: Heal | BG2: Mitigation | BH2: Barrier | BI2: Heal | BJ2: Heal | BK2: Heal | BL2: Heal | BM2: Mitigation | BN2: Mitigation | BO2: Mitigation | BP2: Mitigation | BQ2: Mitigation | BR2: Mitigation | BS2: Heal | BT2: Heal | BU2: Mitigation | BV2: Barrier | BW2: Barrier | BX2: Barrier | BY2: Mitigation | BZ2: Mitigation | CA2: Mitigation | CB2: Barrier | CC2: Barrier | CD2: Heal | CE2: Heal | CF2: Heal | CG2: Barrier | CH2: Barrier | CI2: Heal | CJ2: Heal | CK2: Mitigation | CL2: Barrier | CM2: Barrier | CN2: Heal | CO2: Mitigation | CP2: Barrier | CQ2: Barrier | CR2: Heal | CT2: Mitigation | CU2: Mitigation | CV2: Barrier | CW2: Barrier | CX2: Heal | CY2: Heal | CZ2: Heal | DA2: Heal | DB2: Heal | DC2: Heal | DD2: Heal | DE2: Mitigation | DF2: Barrier | DG2: Barrier | DH2: Heal | DJ2: Mitigation | DK2: Heal | DL2: Mitigation | DM2: Mitigation | DN2: Mitigation | DO2: Mitigation | DP2: Mitigation | DQ2: Mitigation | DR2: Heal | DS2: Mitigation | DT2: Mitigation | DU2: Mitigation | DV2: Barrier | DW2: Mitigation | DX2: Mitigation | DY2: Mitigation | DZ2: Mitigation | EA2: Mitigation | EB2: Barrier | EC2: Barrier | ED2: Mitigation | EE2: Mitigation | EF2: Heal | EG2: Heal | EH2: Heal | EI2: Heal | EJ2: Heal | EK2: Heal | EL2: Heal | EM2: Heal | EN2: Heal | EO2: Heal | EP2: Mitigation | EQ2: Barrier | ER2: Damage | ES2: Damage | EU2: Mitigation | EV2: Mitigation | EW2: Heal | EX2: Barrier | EZ2: Mitigation | FA2: Mitigation | FB2: Heal | FC2: Barrier | FE2: Mitigation | FF2: Mitigation | FG2: Heal | FH2: Barrier | FJ2: Mitigation | FK2: Mitigation | FL2: Heal | FM2: Barrier
B3: =Option!$C6 -> TRUE | C3: {=IFERROR(INDEX('Phase Map'!$E$2:$E$12, MATCH(E3, 'Phase Map'!$C$2:$C$12, 0)), "hide")} | E3: =GETSHEETNAME() -> Phase 1 | F3: hide | K3: ナイト | L3: ナイト | M3: ナイト | N3: ナイト | O3: ナイト | P3: ナイト | Q3: ナイト | R3: ナイト | S3: ナイト | T3: 戦士 | U3: 戦士 | V3: 戦士 | W3: 戦士 | X3: 戦士 | Y3: 戦士 | Z3: 戦士 | AA3: 戦士 | AB3: 戦士 | AC3: 暗黒騎士 | AD3: 暗黒騎士 | AE3: 暗黒騎士 | AF3: 暗黒騎士 | AG3: hide | AH3: 暗黒騎士 | AI3: 暗黒騎士 | AJ3: 暗黒騎士 | AK3: 暗黒騎士 | AL3: ガンブレイカー | AM3: ガンブレイカー | AN3: ガンブレイカー | AO3: ガンブレイカー | AP3: ガンブレイカー | AQ3: ガンブレイカー | AR3: ガンブレイカー | AS3: 白魔道士 | AT3: 白魔道士 | AU3: 白魔道士 | AV3: 白魔道士 | AW3: 白魔道士 | AX3: 白魔道士 | AY3: 白魔道士 | AZ3: 白魔道士 | BA3: hide | BB3: 白魔道士 | BC3: hide | BD3: 白魔道士 | BE3: 占星術師 | BF3: 占星術師 | BG3: 占星術師 | BH3: 占星術師 | BI3: 占星術師 | BJ3: 占星術師 | BK3: 占星術師 | BL3: 占星術師 | BM3: 占星術師 | BN3: 占星術師 | BO3: 占星術師 | BP3: 占星術師 | BQ3: 占星術師 | BR3: 占星術師 | BS3: 占星術師 | BT3: hide | BU3: 占星術師 | BV3: 占星術師 | BW3: hide | BX3: 占星術師 | BY3: 学者 | BZ3: 学者 | CA3: 学者 | CB3: 学者 | CC3: 学者 | CD3: 学者 | CE3: 学者 | CF3: 学者 | CG3: 学者 | CH3: 学者 | CI3: 学者 | CJ3: 学者 | CK3: 学者 | CL3: 学者 | CM3: 学者 | CN3: 学者 | CO3: 学者 | CP3: 学者 | CQ3: 学者 | CR3: 学者 | CS3: 学者 | CT3: 賢者 | CU3: 賢者 | CV3: 賢者 | CW3: 賢者 | CX3: 賢者 | CY3: 賢者 | CZ3: 賢者 | DA3: 賢者 | DB3: 賢者 | DC3: 賢者 | DD3: 賢者 | DE3: 賢者 | DF3: 賢者 | DG3: 賢者 | DH3: 賢者 | DI3: 賢者 | DJ3: モンク | DK3: モンク | DL3: 竜騎士 | DM3: 忍者 | DN3: 侍 | DO3: リーパー | DP3: ヴァイパー | DQ3: 吟遊詩人 | DR3: 吟遊詩人 | DS3: 機工士 | DT3: 機工士 | DU3: 踊り子 | DV3: 踊り子 | DW3: 黒魔道士 | DX3: 召喚士 | DY3: 赤魔道士 | DZ3: 赤魔道士 | EA3: ピクトマンサー | EB3: ピクトマンサー | EC3: ピクトマンサー | ED3: タンク | EE3: hide | EF3: hide | EG3: hide | EH3: hide | EI3: hide | EJ3: hide | EK3: hide | EL3: hide | EM3: hide | EN3: hide | EO3: hide | EP3: hide | EQ3: hide | EU3: hide | EV3: hide | EW3: hide | EX3: hide | EY3: ナイト | EZ3: hide | FA3: hide | FB3: hide | FC3: hide | FD3: 戦士 | FE3: hide | FF3: hide | FG3: hide | FH3: hide | FI3: 暗黒騎士 | FJ3: hide | FK3: hide | FL3: hide | FM3: hide | FN3: ガンブレイカー
B4: =Option!$C7 -> TRUE | C4: {=IFERROR(INDEX('Phase Map'!$D$2:$D$12, MATCH(E3, 'Phase Map'!$C$2:$C$12, 0)), "")} -> 0.0017013889 | E4: Skill | K4: リプライザル | L4: パッセージ・オブ・アームズ | M4: ディヴァインヴェール | N4: インターベンション | O4: ランパート | P4: ブルワーク | Q4: エクストリームガード | R4: ホーリーシェルトロン | S4: インビンシブル | T4: リプライザル | U4: シェイクオフ | V4: 原初の猛り | W4: ランパート | X4: スリル・オブ・バトル | Y4: ダムネーション | Z4: 原初の血気 | AA4: エクリブリウム | AB4: ホルムギャング | AC4: リプライザル | AD4: ダークミッショナリー | AE4: ブラックナイト | AF4: オブレーション | AH4: ランパート | AI4: ダークマインド | AJ4: シャドウヴィジル | AK4: リビングデッド | AL4: リプライザル | AM4: ハート・オブ・ライト | AN4: ハート・オブ・コランダム | AO4: ランパート | AP4: カモフラージュ | AQ4: グレートネビュラ | AR4: ボーライド | AS4: テンパランス | AT4: ディヴァインカレス | AU4: インドゥルゲンティア | AV4: アサイラム | AW4: アサイズ | AX4: リタージー・オブ・ベル(ダメージトリガー) | AY4: アクアヴェール | AZ4: ディヴァインベニゾン | BB4: テトラグラマトン | BD4: ベネディクション | BE4: 運命の輪 | BF4: ニュートラルセクト | BG4: サンサイン | BH4: コンジャクション・ヘリオス | BI4: 星天対抗 | BJ4: アーサリースター(星の支配者) | BK4: ホロスコープ | BL4: マクロコスモス(最小) | BM4: アストラルドロー | BN4: アンブラルドロー | BO4: オシュオンの矢 | BP4: ビエルゴの塔 | BQ4: 世界樹の幹 | BR4: サリャクの水瓶 | BS4: ディグニティ(最小) | BU4: エクザルテーション | BV4: 星天交差 | BX4: アスペクト・ベネフィク | BY4: フェイイルミネーション | BZ4: 野戦治療の陣 | CA4: 疾風怒濤の計 | CB4: 展開戦術 | CC4: 意気軒昂の策 | CD4: 光の囁き | CE4: 不撓不屈の策 | CF4: フェイブレッシング | CG4: サモン・セラフィム | CH4: コンソレイション | CI4: 転化 | CJ4: 秘策 | CK4: セラフィズム | CL4: アクセッション | CM4: マニフェステーション | CN4: 生命活性法 | CO4: 生命回生法 | CP4: 鼓舞激励の策 | CQ4: 深謀遠慮の策 | CR4: エーテルフロー | CT4: ホーリズム | CU4: ケーラコレ | CV4: エウクラシア・プログノシスII | CW4: パンハイマ | CX4: ゾーエ | CY4: ピュシスII | CZ4: イックソコレ | DA4: ペプシス(エウクラシア・ディアグノシス) | DB4: プネウマ | DC4: フィロソフィア | DD4: ドルオコレ | DE4: タウロコレ | DF4: エウクラシア・ディアグノシス | DG4: ハイマ | DH4: リゾーマタ | DJ4: 牽制 | DK4: マントラ | DL4: 牽制 | DM4: 牽制 | DN4: 牽制 | DO4: 牽制 | DP4: 牽制 | DQ4: トルバドゥール | DR4: 地神のミンネ | DS4: タクティシャン | DT4: ウェポンブレイク | DU4: 守りのサンバ | DV4: インプロビゼーションフィニッシュ(踊りの激情0) | DW4: アドル | DX4: アドル | DY4: アドル | DZ4: バマジク | EA4: アドル | EB4: テンペラコート | EC4: テンペラグラッサ | ED4: LB3
B5: =Option!$C8 -> TRUE | C5: {=IFERROR(INDEX('Phase Map'!$C$3:$C$13, MATCH(E3, 'Phase Map'!$C$2:$C$12, 0)), "")} -> Phase 2 | E5: Assign | K5: {=IFERROR(INDEX(Skill!$I:$I, MATCH(K$4, Skill!$C:$C, 0), 1), "")} -> RANGE_ENEMY | L5: {=IFERROR(INDEX(Skill!$I:$I, MATCH(L$4, Skill!$C:$C, 0), 1), "")} -> RANGE_PARTY | M5: {=IFERROR(INDEX(Skill!$I:$I, MATCH(M$4, Skill!$C:$C, 0), 1), "")} -> RANGE_PARTY | N5: {=IFERROR(INDEX(Skill!$I:$I, MATCH(N$4, Skill!$C:$C, 0), 1), "")} -> SINGLE_PARTY | O5: {=IFERROR(INDEX(Skill!$I:$I, MATCH(O$4, Skill!$C:$C, 0), 1), "")} -> SELF | P5: {=IFERROR(INDEX(Skill!$I:$I, MATCH(P$4, Skill!$C:$C, 0), 1), "")} -> SELF | Q5: {=IFERROR(INDEX(Skill!$I:$I, MATCH(Q$4, Skill!$C:$C, 0), 1), "")} -> SELF | R5: {=IFERROR(INDEX(Skill!$I:$I, MATCH(R$4, Skill!$C:$C, 0), 1), "")} -> SELF | ... ED5: {=IFERROR(INDEX(Skill!$I:$I, MATCH(ED$4, Skill!$C:$C, 0), 1), "")} -> RANGE_PARTY
B6: =Option!$C9 -> TRUE | E6: Charge | K6: {=IFERROR(INDEX(Skill!$J:$J, MATCH(K$4, Skill!$C:$C, 0), 1), "")} -> 1 | L6: {=IFERROR(INDEX(Skill!$J:$J, MATCH(L$4, Skill!$C:$C, 0), 1), "")} -> 1 | M6: {=IFERROR(INDEX(Skill!$J:$J, MATCH(M$4, Skill!$C:$C, 0), 1), "")} -> 1 | N6: {=IFERROR(INDEX(Skill!$J:$J, MATCH(N$4, Skill!$C:$C, 0), 1), "")} -> 1 | O6: {=IFERROR(INDEX(Skill!$J:$J, MATCH(O$4, Skill!$C:$C, 0), 1), "")} -> 1 | P6: {=IFERROR(INDEX(Skill!$J:$J, MATCH(P$4, Skill!$C:$C, 0), 1), "")} -> 1 | Q6: {=IFERROR(INDEX(Skill!$J:$J, MATCH(Q$4, Skill!$C:$C, 0), 1), "")} -> 1 | R6: {=IFERROR(INDEX(Skill!$J:$J, MATCH(R$4, Skill!$C:$C, 0), 1), "")} -> 1 | ... ED6: {=IFERROR(INDEX(Skill!$J:$J, MATCH(ED$4, Skill!$C:$C, 0), 1), "")} -> 1
E7: Abillity | K7: {=IFERROR(INDEX(Skill!$H:$H, MATCH(K$4, Skill!$C:$C, 0), 1), "")} -> TRUE | L7: {=IFERROR(INDEX(Skill!$H:$H, MATCH(L$4, Skill!$C:$C, 0), 1), "")} -> TRUE | M7: {=IFERROR(INDEX(Skill!$H:$H, MATCH(M$4, Skill!$C:$C, 0), 1), "")} -> TRUE | N7: {=IFERROR(INDEX(Skill!$H:$H, MATCH(N$4, Skill!$C:$C, 0), 1), "")} -> TRUE | O7: {=IFERROR(INDEX(Skill!$H:$H, MATCH(O$4, Skill!$C:$C, 0), 1), "")} -> TRUE | P7: {=IFERROR(INDEX(Skill!$H:$H, MATCH(P$4, Skill!$C:$C, 0), 1), "")} -> TRUE | Q7: {=IFERROR(INDEX(Skill!$H:$H, MATCH(Q$4, Skill!$C:$C, 0), 1), "")} -> TRUE | R7: {=IFERROR(INDEX(Skill!$H:$H, MATCH(R$4, Skill!$C:$C, 0), 1), "")} -> TRUE | ... ED7: {=IFERROR(INDEX(Skill!$H:$H, MATCH(ED$4, Skill!$C:$C, 0), 1), "")} -> FALSE
E8: Time | K8: {=IFERROR(INDEX(Skill!$F:$F, MATCH(K$4, Skill!$C:$C, 0), 1), "")} -> 15 | L8: {=IFERROR(INDEX(Skill!$F:$F, MATCH(L$4, Skill!$C:$C, 0), 1), "")} -> 18 | M8: {=IFERROR(INDEX(Skill!$F:$F, MATCH(M$4, Skill!$C:$C, 0), 1), "")} -> 30 | N8: {=IFERROR(INDEX(Skill!$F:$F, MATCH(N$4, Skill!$C:$C, 0), 1), "")} -> 8 | O8: {=IFERROR(INDEX(Skill!$F:$F, MATCH(O$4, Skill!$C:$C, 0), 1), "")} -> 20 | P8: {=IFERROR(INDEX(Skill!$F:$F, MATCH(P$4, Skill!$C:$C, 0), 1), "")} -> 10 | Q8: {=IFERROR(INDEX(Skill!$F:$F, MATCH(Q$4, Skill!$C:$C, 0), 1), "")} -> 15 | R8: {=IFERROR(INDEX(Skill!$F:$F, MATCH(R$4, Skill!$C:$C, 0), 1), "")} -> 8 | ... ED8: {=IFERROR(INDEX(Skill!$F:$F, MATCH(ED$4, Skill!$C:$C, 0), 1), "")} -> 8
E9: Recast | K9: {=IFERROR(INDEX(Skill!$G:$G, MATCH(K$4, Skill!$C:$C, 0), 1), "")} -> 60 | L9: {=IFERROR(INDEX(Skill!$G:$G, MATCH(L$4, Skill!$C:$C, 0), 1), "")} -> 120 | M9: {=IFERROR(INDEX(Skill!$G:$G, MATCH(M$4, Skill!$C:$C, 0), 1), "")} -> 90 | N9: {=IFERROR(INDEX(Skill!$G:$G, MATCH(N$4, Skill!$C:$C, 0), 1), "")} -> 10 | O9: {=IFERROR(INDEX(Skill!$G:$G, MATCH(O$4, Skill!$C:$C, 0), 1), "")} -> 90 | P9: {=IFERROR(INDEX(Skill!$G:$G, MATCH(P$4, Skill!$C:$C, 0), 1), "")} -> 90 | Q9: {=IFERROR(INDEX(Skill!$G:$G, MATCH(Q$4, Skill!$C:$C, 0), 1), "")} -> 120 | R9: {=IFERROR(INDEX(Skill!$G:$G, MATCH(R$4, Skill!$C:$C, 0), 1), "")} -> 5 | ... ED9: {=IFERROR(INDEX(Skill!$G:$G, MATCH(ED$4, Skill!$C:$C, 0), 1), "")} -> 2.5
E10: Physical | K10: {=IFERROR(INDEX(Skill!$M:$M, MATCH(K$4, Skill!$C:$C, 0), 1), "")} -> 0.9 | L10: {=IFERROR(INDEX(Skill!$M:$M, MATCH(L$4, Skill!$C:$C, 0), 1), "")} -> 0.85 | M10: {=IFERROR(INDEX(Skill!$M:$M, MATCH(M$4, Skill!$C:$C, 0), 1), "")} | N10: {=IFERROR(INDEX(Skill!$M:$M, MATCH(N$4, Skill!$C:$C, 0), 1), "")} -> 0.9 | O10: {=IFERROR(INDEX(Skill!$M:$M, MATCH(O$4, Skill!$C:$C, 0), 1), "")} -> 0.8 | P10: {=IFERROR(INDEX(Skill!$M:$M, MATCH(P$4, Skill!$C:$C, 0), 1), "")} | Q10: {=IFERROR(INDEX(Skill!$M:$M, MATCH(Q$4, Skill!$C:$C, 0), 1), "")} -> 0.6 | R10: {=IFERROR(INDEX(Skill!$M:$M, MATCH(R$4, Skill!$C:$C, 0), 1), "")} -> 0.85 | ... ED10: {=IFERROR(INDEX(Skill!$M:$M, MATCH(ED$4, Skill!$C:$C, 0), 1), "")} -> 0.2
E11: Magic | K11: {=IFERROR(INDEX(Skill!$L:$L, MATCH(K$4, Skill!$C:$C, 0), 1), "")} -> 0.9 | L11: {=IFERROR(INDEX(Skill!$L:$L, MATCH(L$4, Skill!$C:$C, 0), 1), "")} -> 0.85 | M11: {=IFERROR(INDEX(Skill!$L:$L, MATCH(M$4, Skill!$C:$C, 0), 1), "")} | N11: {=IFERROR(INDEX(Skill!$L:$L, MATCH(N$4, Skill!$C:$C, 0), 1), "")} -> 0.9 | O11: {=IFERROR(INDEX(Skill!$L:$L, MATCH(O$4, Skill!$C:$C, 0), 1), "")} -> 0.8 | P11: {=IFERROR(INDEX(Skill!$L:$L, MATCH(P$4, Skill!$C:$C, 0), 1), "")} | Q11: {=IFERROR(INDEX(Skill!$L:$L, MATCH(Q$4, Skill!$C:$C, 0), 1), "")} -> 0.6 | R11: {=IFERROR(INDEX(Skill!$L:$L, MATCH(R$4, Skill!$C:$C, 0), 1), "")} -> 0.85 | ... ED11: {=IFERROR(INDEX(Skill!$L:$L, MATCH(ED$4, Skill!$C:$C, 0), 1), "")} -> 0.2
E12: Unique | K12: {=IFERROR(INDEX(Skill!$N:$N, MATCH(K$4, Skill!$C:$C, 0), 1), "")} -> 0.9 | L12: {=IFERROR(INDEX(Skill!$N:$N, MATCH(L$4, Skill!$C:$C, 0), 1), "")} -> 0.85 | M12: {=IFERROR(INDEX(Skill!$N:$N, MATCH(M$4, Skill!$C:$C, 0), 1), "")} | N12: {=IFERROR(INDEX(Skill!$N:$N, MATCH(N$4, Skill!$C:$C, 0), 1), "")} -> 0.9 | O12: {=IFERROR(INDEX(Skill!$N:$N, MATCH(O$4, Skill!$C:$C, 0), 1), "")} -> 0.8 | P12: {=IFERROR(INDEX(Skill!$N:$N, MATCH(P$4, Skill!$C:$C, 0), 1), "")} | Q12: {=IFERROR(INDEX(Skill!$N:$N, MATCH(Q$4, Skill!$C:$C, 0), 1), "")} -> 0.6 | R12: {=IFERROR(INDEX(Skill!$N:$N, MATCH(R$4, Skill!$C:$C, 0), 1), "")} -> 0.85 | ... ED12: {=IFERROR(INDEX(Skill!$N:$N, MATCH(ED$4, Skill!$C:$C, 0), 1), "")} -> 0.2
E13: Heal Buff Target | K13: {=IFERROR(INDEX(Skill!$AE:$AE, MATCH(K$4, Skill!$C:$C, 0), 1), "")} | L13: {=IFERROR(INDEX(Skill!$AE:$AE, MATCH(L$4, Skill!$C:$C, 0), 1), "")} | M13: {=IFERROR(INDEX(Skill!$AE:$AE, MATCH(M$4, Skill!$C:$C, 0), 1), "")} | N13: {=IFERROR(INDEX(Skill!$AE:$AE, MATCH(N$4, Skill!$C:$C, 0), 1), "")} | O13: {=IFERROR(INDEX(Skill!$AE:$AE, MATCH(O$4, Skill!$C:$C, 0), 1), "")} -> SELF_AFFECTED_ALL | P13: {=IFERROR(INDEX(Skill!$AE:$AE, MATCH(P$4, Skill!$C:$C, 0), 1), "")} | Q13: {=IFERROR(INDEX(Skill!$AE:$AE, MATCH(Q$4, Skill!$C:$C, 0), 1), "")} | R13: {=IFERROR(INDEX(Skill!$AE:$AE, MATCH(R$4, Skill!$C:$C, 0), 1), "")} | ... ED13: {=IFERROR(INDEX(Skill!$AE:$AE, MATCH(ED$4, Skill!$C:$C, 0), 1), "")}
E14: Heal Buff | K14: {=IFERROR(INDEX(Skill!$AH:$AH, MATCH(K$4, Skill!$C:$C, 0), 1), "")} | L14: {=IFERROR(INDEX(Skill!$AH:$AH, MATCH(L$4, Skill!$C:$C, 0), 1), "")} | M14: {=IFERROR(INDEX(Skill!$AH:$AH, MATCH(M$4, Skill!$C:$C, 0), 1), "")} | N14: {=IFERROR(INDEX(Skill!$AH:$AH, MATCH(N$4, Skill!$C:$C, 0), 1), "")} | O14: {=IFERROR(INDEX(Skill!$AH:$AH, MATCH(O$4, Skill!$C:$C, 0), 1), "")} -> 1.15 | P14: {=IFERROR(INDEX(Skill!$AH:$AH, MATCH(P$4, Skill!$C:$C, 0), 1), "")} | Q14: {=IFERROR(INDEX(Skill!$AH:$AH, MATCH(Q$4, Skill!$C:$C, 0), 1), "")} | R14: {=IFERROR(INDEX(Skill!$AH:$AH, MATCH(R$4, Skill!$C:$C, 0), 1), "")} | ... ED14: {=IFERROR(INDEX(Skill!$AH:$AH, MATCH(ED$4, Skill!$C:$C, 0), 1), "")}
E15: Barrier Buff | K15: {=IFERROR(INDEX(Skill!$AJ:$AJ, MATCH(K$4, Skill!$C:$C, 0), 1), "")} | L15: {=IFERROR(INDEX(Skill!$AJ:$AJ, MATCH(L$4, Skill!$C:$C, 0), 1), "")} | M15: {=IFERROR(INDEX(Skill!$AJ:$AJ, MATCH(M$4, Skill!$C:$C, 0), 1), "")} -> 0.1 | N15: {=IFERROR(INDEX(Skill!$AJ:$AJ, MATCH(N$4, Skill!$C:$C, 0), 1), "")} | O15: {=IFERROR(INDEX(Skill!$AJ:$AJ, MATCH(O$4, Skill!$C:$C, 0), 1), "")} | P15: {=IFERROR(INDEX(Skill!$AJ:$AJ, MATCH(P$4, Skill!$C:$C, 0), 1), "")} | Q15: {=IFERROR(INDEX(Skill!$AJ:$AJ, MATCH(Q$4, Skill!$C:$C, 0), 1), "")} | R15: {=IFERROR(INDEX(Skill!$AJ:$AJ, MATCH(R$4, Skill!$C:$C, 0), 1), "")} | ... ED15: {=IFERROR(INDEX(Skill!$AJ:$AJ, MATCH(ED$4, Skill!$C:$C, 0), 1), "")}
E16: Barrier | K16: {=IFERROR(INDEX(Skill!$AP:$AP, MATCH(K$4, Skill!$C:$C, 0), 1), "")} | L16: {=IFERROR(INDEX(Skill!$AP:$AP, MATCH(L$4, Skill!$C:$C, 0), 1), "")} | M16: {=IFERROR(INDEX(Skill!$AP:$AP, MATCH(M$4, Skill!$C:$C, 0), 1), "")} | N16: {=IFERROR(INDEX(Skill!$AP:$AP, MATCH(N$4, Skill!$C:$C, 0), 1), "")} | O16: {=IFERROR(INDEX(Skill!$AP:$AP, MATCH(O$4, Skill!$C:$C, 0), 1), "")} | P16: {=IFERROR(INDEX(Skill!$AP:$AP, MATCH(P$4, Skill!$C:$C, 0), 1), "")} | Q16: {=IFERROR(INDEX(Skill!$AP:$AP, MATCH(Q$4, Skill!$C:$C, 0), 1), "")} -> 1000 | R16: {=IFERROR(INDEX(Skill!$AP:$AP, MATCH(R$4, Skill!$C:$C, 0), 1), "")} | ... ED16: {=IFERROR(INDEX(Skill!$AP:$AP, MATCH(ED$4, Skill!$C:$C, 0), 1), "")}
E17: Precondition | K17: {=IFERROR(INDEX(Skill!$U:$U, MATCH(K$4, Skill!$C:$C, 0), 1), "")} | L17: {=IFERROR(INDEX(Skill!$U:$U, MATCH(L$4, Skill!$C:$C, 0), 1), "")} | M17: {=IFERROR(INDEX(Skill!$U:$U, MATCH(M$4, Skill!$C:$C, 0), 1), "")} | N17: {=IFERROR(INDEX(Skill!$U:$U, MATCH(N$4, Skill!$C:$C, 0), 1), "")} -> ランパート|センチネル|エクストリームガード | O17: {=IFERROR(INDEX(Skill!$U:$U, MATCH(O$4, Skill!$C:$C, 0), 1), "")} | P17: {=IFERROR(INDEX(Skill!$U:$U, MATCH(P$4, Skill!$C:$C, 0), 1), "")} | Q17: {=IFERROR(INDEX(Skill!$U:$U, MATCH(Q$4, Skill!$C:$C, 0), 1), "")} | R17: {=IFERROR(INDEX(Skill!$U:$U, MATCH(R$4, Skill!$C:$C, 0), 1), "")} | ... ED17: {=IFERROR(INDEX(Skill!$U:$U, MATCH(ED$4, Skill!$C:$C, 0), 1), "")}
E18: Physical | K18: {=IFERROR(INDEX(Skill!$X:$X, MATCH(K$4, Skill!$C:$C, 0), 1), "")} | L18: {=IFERROR(INDEX(Skill!$X:$X, MATCH(L$4, Skill!$C:$C, 0), 1), "")} | M18: {=IFERROR(INDEX(Skill!$X:$X, MATCH(M$4, Skill!$C:$C, 0), 1), "")} | N18: {=IFERROR(INDEX(Skill!$X:$X, MATCH(N$4, Skill!$C:$C, 0), 1), "")} -> 0.8 | O18: {=IFERROR(INDEX(Skill!$X:$X, MATCH(O$4, Skill!$C:$C, 0), 1), "")} | P18: {=IFERROR(INDEX(Skill!$X:$X, MATCH(P$4, Skill!$C:$C, 0), 1), "")} | Q18: {=IFERROR(INDEX(Skill!$X:$X, MATCH(Q$4, Skill!$C:$C, 0), 1), "")} | R18: {=IFERROR(INDEX(Skill!$X:$X, MATCH(R$4, Skill!$C:$C, 0), 1), "")} | ... ED18: {=IFERROR(INDEX(Skill!$X:$X, MATCH(ED$4, Skill!$C:$C, 0), 1), "")}
E19: Magic | K19: {=IFERROR(INDEX(Skill!$W:$W, MATCH(K$4, Skill!$C:$C, 0), 1), "")} | L19: {=IFERROR(INDEX(Skill!$W:$W, MATCH(L$4, Skill!$C:$C, 0), 1), "")} | M19: {=IFERROR(INDEX(Skill!$W:$W, MATCH(M$4, Skill!$C:$C, 0), 1), "")} | N19: {=IFERROR(INDEX(Skill!$W:$W, MATCH(N$4, Skill!$C:$C, 0), 1), "")} -> 0.8 | O19: {=IFERROR(INDEX(Skill!$W:$W, MATCH(O$4, Skill!$C:$C, 0), 1), "")} | P19: {=IFERROR(INDEX(Skill!$W:$W, MATCH(P$4, Skill!$C:$C, 0), 1), "")} | Q19: {=IFERROR(INDEX(Skill!$W:$W, MATCH(Q$4, Skill!$C:$C, 0), 1), "")} | R19: {=IFERROR(INDEX(Skill!$W:$W, MATCH(R$4, Skill!$C:$C, 0), 1), "")} | ... ED19: {=IFERROR(INDEX(Skill!$W:$W, MATCH(ED$4, Skill!$C:$C, 0), 1), "")}
E20: Unique | K20: {=IFERROR(INDEX(Skill!$Y:$Y, MATCH(K$4, Skill!$C:$C, 0), 1), "")} | L20: {=IFERROR(INDEX(Skill!$Y:$Y, MATCH(L$4, Skill!$C:$C, 0), 1), "")} | M20: {=IFERROR(INDEX(Skill!$Y:$Y, MATCH(M$4, Skill!$C:$C, 0), 1), "")} | N20: {=IFERROR(INDEX(Skill!$Y:$Y, MATCH(N$4, Skill!$C:$C, 0), 1), "")} -> 0.8 | O20: {=IFERROR(INDEX(Skill!$Y:$Y, MATCH(O$4, Skill!$C:$C, 0), 1), "")} | P20: {=IFERROR(INDEX(Skill!$Y:$Y, MATCH(P$4, Skill!$C:$C, 0), 1), "")} | Q20: {=IFERROR(INDEX(Skill!$Y:$Y, MATCH(Q$4, Skill!$C:$C, 0), 1), "")} | R20: {=IFERROR(INDEX(Skill!$Y:$Y, MATCH(R$4, Skill!$C:$C, 0), 1), "")} | ... ED20: {=IFERROR(INDEX(Skill!$Y:$Y, MATCH(ED$4, Skill!$C:$C, 0), 1), "")}
E21: Barrier | K21: {=IFERROR(INDEX(Skill!$AB:$AB, MATCH(K$4, Skill!$C:$C, 0), 1), "")} | L21: {=IFERROR(INDEX(Skill!$AB:$AB, MATCH(L$4, Skill!$C:$C, 0), 1), "")} | M21: {=IFERROR(INDEX(Skill!$AB:$AB, MATCH(M$4, Skill!$C:$C, 0), 1), "")} | N21: {=IFERROR(INDEX(Skill!$AB:$AB, MATCH(N$4, Skill!$C:$C, 0), 1), "")} | O21: {=IFERROR(INDEX(Skill!$AB:$AB, MATCH(O$4, Skill!$C:$C, 0), 1), "")} | P21: {=IFERROR(INDEX(Skill!$AB:$AB, MATCH(P$4, Skill!$C:$C, 0), 1), "")} | Q21: {=IFERROR(INDEX(Skill!$AB:$AB, MATCH(Q$4, Skill!$C:$C, 0), 1), "")} | R21: {=IFERROR(INDEX(Skill!$AB:$AB, MATCH(R$4, Skill!$C:$C, 0), 1), "")} | ... ED21: {=IFERROR(INDEX(Skill!$AB:$AB, MATCH(ED$4, Skill!$C:$C, 0), 1), "")}
B22: Phase | C22: Time | E22: Action | F22: Type | H22: Damage | K22: Mitigation | EE22: Calculate | ER22: Total Damage | ET22: HP Bar | EU22: Calculate | EY22: HP Bar | EZ22: Calculate | FD22: HP Bar | FE22: Calculate | FI22: HP Bar | FJ22: Calculate | FN22: HP Bar
K23: =IMAGE("https://xivapi.com/i/062000/062119.png") | T23: =IMAGE("https://xivapi.com/i/062000/062121.png") | AC23: =IMAGE("https://xivapi.com/i/062000/062132.png") | AL23: =IMAGE("https://xivapi.com/i/062000/062137.png") | AS23: =IMAGE("https://xivapi.com/i/062000/062124.png") | BE23: =IMAGE("https://xivapi.com/i/062000/062133.png") | BY23: =IMAGE("https://xivapi.com/i/062000/062128.png") | CT23: =IMAGE("https://xivapi.com/i/062000/062140.png") | DJ23: =IMAGE("https://xivapi.com/i/062000/062120.png") | DL23: =IMAGE("https://xivapi.com/i/062000/062122.png") | DM23: =IMAGE("https://xivapi.com/i/062000/062130.png") | DN23: =IMAGE("https://xivapi.com/i/062000/062134.png") | DO23: =IMAGE("https://xivapi.com/i/062000/062139.png") | DP23: =IMAGE("https://xivapi.com/i/062000/062141.png") | DQ23: =IMAGE("https://xivapi.com/i/062000/062123.png") | DS23: =IMAGE("https://xivapi.com/i/062000/062131.png") | DU23: =IMAGE("https://xivapi.com/i/062000/062138.png") | DW23: =IMAGE("https://xivapi.com/i/062000/062125.png") | DX23: =IMAGE("https://xivapi.com/i/062000/062127.png") | DY23: =IMAGE("https://xivapi.com/i/062000/062135.png") | EA23: =IMAGE("https://xivapi.com/i/062000/062142.png") | ED23: =IMAGE("https://xivapi.com/cj/misc/bordered_tank.png") | EE23: Mitigation | EF23: Heal Buff (PARTY) | EH23: Heal Buff (WHM) | EJ23: Heal Buff (AST) | EL23: Heal Buff (SCH) | EN23: Heal Buff (SGE) | EP23: Mitigated Hit Damage | EQ23: Total Barrier | ET23: MAX HP | EU23: =IMAGE("https://xivapi.com/cj/companion/paladin.png") | EZ23: =IMAGE("https://xivapi.com/cj/companion/warrior.png") | FE23: =IMAGE("https://xivapi.com/cj/companion/darkknight.png") | FJ23: =IMAGE("https://xivapi.com/cj/companion/gunbreaker.png")
H24: Hit | I24: DoT | J24: tick | K24: {=IFERROR(INDEX(Skill!$D:$D, MATCH(K$4, Skill!$C:$C, 0), 1), "")} | L24: {=IFERROR(INDEX(Skill!$D:$D, MATCH(L$4, Skill!$C:$C, 0), 1), "")} | N24: {=IFERROR(INDEX(Skill!$D:$D, MATCH(N$4, Skill!$C:$C, 0), 1), "")} | O24: {=IFERROR(INDEX(Skill!$D:$D, MATCH(O$4, Skill!$C:$C, 0), 1), "")} | P24: {=IFERROR(INDEX(Skill!$D:$D, MATCH(P$4, Skill!$C:$C, 0), 1), "")} | Q24: {=IFERROR(INDEX(Skill!$D:$D, MATCH(Q$4, Skill!$C:$C, 0), 1), "")} | R24: {=IFERROR(INDEX(Skill!$D:$D, MATCH(R$4, Skill!$C:$C, 0), 1), "")} | S24: {=IFERROR(INDEX(Skill!$D:$D, MATCH(S$4, Skill!$C:$C, 0), 1), "")} | T24: {=IFERROR(INDEX(Skill!$D:$D, MATCH(T$4, Skill!$C:$C, 0), 1), "")} | U24: {=IFERROR(INDEX(Skill!$D:$D, MATCH(U$4, Skill!$C:$C, 0), 1), "")} | ... AF24: {=IFERROR(INDEX(Skill!$D:$D, MATCH(AF$4, Skill!$C:$C, 0), 1), "")} | AH24: {=IFERROR(INDEX(Skill!$D:$D, MATCH(AH$4, Skill!$C:$C, 0), 1), "")} | AI24: {=IFERROR(INDEX(Skill!$D:$D, MATCH(AI$4, Skill!$C:$C, 0), 1), "")} | AJ24: {=IFERROR(INDEX(Skill!$D:$D, MATCH(AJ$4, Skill!$C:$C, 0), 1), "")} | AK24: {=IFERROR(INDEX(Skill!$D:$D, MATCH(AK$4, Skill!$C:$C, 0), 1), "")} | AL24: {=IFERROR(INDEX(Skill!$D:$D, MATCH(AL$4, Skill!$C:$C, 0), 1), "")} | AM24: {=IFERROR(INDEX(Skill!$D:$D, MATCH(AM$4, Skill!$C:$C, 0), 1), "")} | AN24: {=IFERROR(INDEX(Skill!$D:$D, MATCH(AN$4, Skill!$C:$C, 0), 1), "")} | AO24: {=IFERROR(INDEX(Skill!$D:$D, MATCH(AO$4, Skill!$C:$C, 0), 1), "")} | ... AZ24: {=IFERROR(INDEX(Skill!$D:$D, MATCH(AZ$4, Skill!$C:$C, 0), 1), "")} | BB24: {=IFERROR(INDEX(Skill!$D:$D, MATCH(BB$4, Skill!$C:$C, 0), 1), "")} | BD24: {=IFERROR(INDEX(Skill!$D:$D, MATCH(BD$4, Skill!$C:$C, 0), 1), "")} | BE24: {=IFERROR(INDEX(Skill!$D:$D, MATCH(BE$4, Skill!$C:$C, 0), 1), "")} | BF24: {=IFERROR(INDEX(Skill!$D:$D, MATCH(BF$4, Skill!$C:$C, 0), 1), "")} | BG24: {=IFERROR(INDEX(Skill!$D:$D, MATCH(BG$4, Skill!$C:$C, 0), 1), "")} | BH24: {=IFERROR(INDEX(Skill!$D:$D, MATCH(BH$4, Skill!$C:$C, 0), 1), "")} | BI24: {=IFERROR(INDEX(Skill!$D:$D, MATCH(BI$4, Skill!$C:$C, 0), 1), "")} | BJ24: {=IFERROR(INDEX(Skill!$D:$D, MATCH(BJ$4, Skill!$C:$C, 0), 1), "")} | BK24: {=IFERROR(INDEX(Skill!$D:$D, MATCH(BK$4, Skill!$C:$C, 0), 1), "")} | ... BS24: {=IFERROR(INDEX(Skill!$D:$D, MATCH(BS$4, Skill!$C:$C, 0), 1), "")} | BU24: {=IFERROR(INDEX(Skill!$D:$D, MATCH(BU$4, Skill!$C:$C, 0), 1), "")} | BV24: {=IFERROR(INDEX(Skill!$D:$D, MATCH(BV$4, Skill!$C:$C, 0), 1), "")} | BX24: {=IFERROR(INDEX(Skill!$D:$D, MATCH(BX$4, Skill!$C:$C, 0), 1), "")} | BY24: {=IFERROR(INDEX(Skill!$D:$D, MATCH(BY$4, Skill!$C:$C, 0), 1), "")} | BZ24: {=IFERROR(INDEX(Skill!$D:$D, MATCH(BZ$4, Skill!$C:$C, 0), 1), "")} | CA24: {=IFERROR(INDEX(Skill!$D:$D, MATCH(CA$4, Skill!$C:$C, 0), 1), "")} | CB24: {=IFERROR(INDEX(Skill!$D:$D, MATCH(CB$4, Skill!$C:$C, 0), 1), "")} | CC24: {=IFERROR(INDEX(Skill!$D:$D, MATCH(CC$4, Skill!$C:$C, 0), 1), "")} | CD24: {=IFERROR(INDEX(Skill!$D:$D, MATCH(CD$4, Skill!$C:$C, 0), 1), "")} | CE24: {=IFERROR(INDEX(Skill!$D:$D, MATCH(CE$4, Skill!$C:$C, 0), 1), "")} | ... CR24: {=IFERROR(INDEX(Skill!$D:$D, MATCH(CR$4, Skill!$C:$C, 0), 1), "")} | CS24: =IMAGE("http://drive.google.com/uc?export=view&id=1AdMXq2oDpA84xtFE73ql3oAKBb8YsCwr") | CT24: {=IFERROR(INDEX(Skill!$D:$D, MATCH(CT$4, Skill!$C:$C, 0), 1), "")} | CU24: {=IFERROR(INDEX(Skill!$D:$D, MATCH(CU$4, Skill!$C:$C, 0), 1), "")} | CV24: {=IFERROR(INDEX(Skill!$D:$D, MATCH(CV$4, Skill!$C:$C, 0), 1), "")} | CW24: {=IFERROR(INDEX(Skill!$D:$D, MATCH(CW$4, Skill!$C:$C, 0), 1), "")} | CX24: {=IFERROR(INDEX(Skill!$D:$D, MATCH(CX$4, Skill!$C:$C, 0), 1), "")} | CY24: {=IFERROR(INDEX(Skill!$D:$D, MATCH(CY$4, Skill!$C:$C, 0), 1), "")} | CZ24: {=IFERROR(INDEX(Skill!$D:$D, MATCH(CZ$4, Skill!$C:$C, 0), 1), "")} | DA24: {=IFERROR(INDEX(Skill!$D:$D, MATCH(DA$4, Skill!$C:$C, 0), 1), "")} | ... DH24: {=IFERROR(INDEX(Skill!$D:$D, MATCH(DH$4, Skill!$C:$C, 0), 1), "")} | DI24: =IMAGE("http://drive.google.com/uc?export=view&id=1FcMZkz9P-d2sGOIP9AD8bApVpM0bcRKd") | DJ24: {=IFERROR(INDEX(Skill!$D:$D, MATCH(DJ$4, Skill!$C:$C, 0), 1), "")} | DK24: {=IFERROR(INDEX(Skill!$D:$D, MATCH(DK$4, Skill!$C:$C, 0), 1), "")} | DL24: {=IFERROR(INDEX(Skill!$D:$D, MATCH(DL$4, Skill!$C:$C, 0), 1), "")} | DM24: {=IFERROR(INDEX(Skill!$D:$D, MATCH(DM$4, Skill!$C:$C, 0), 1), "")} | DN24: {=IFERROR(INDEX(Skill!$D:$D, MATCH(DN$4, Skill!$C:$C, 0), 1), "")} | DO24: {=IFERROR(INDEX(Skill!$D:$D, MATCH(DO$4, Skill!$C:$C, 0), 1), "")} | DP24: {=IFERROR(INDEX(Skill!$D:$D, MATCH(DP$4, Skill!$C:$C, 0), 1), "")} | DQ24: {=IFERROR(INDEX(Skill!$D:$D, MATCH(DQ$4, Skill!$C:$C, 0), 1), "")} | ... ED24: {=IFERROR(INDEX(Skill!$D:$D, MATCH(ED$4, Skill!$C:$C, 0), 1), "")} | EF24: ALL | EG24: GCD | EH24: ALL | EI24: GCD | EJ24: ALL | EK24: GCD | EL24: ALL | EM24: GCD | EN24: ALL | EO24: GCD | ER24: Hit | ES24: DoT | ET24: =Option!$D$21 -> 142000 | EU24: Mitigation | EV24: Damage | EW24: Heal Buff | EX24: Barrier | EY24: =Option!$D$17 -> 225800 | EZ24: Mitigation | FA24: Damage | FB24: Heal Buff | FC24: Barrier | FD24: =Option!$D$18 -> 225800 | FE24: Mitigation | FF24: Damage | FG24: Heal Buff | FH24: Barrier | FI24: =Option!$D$19 -> 225800 | FJ24: Mitigation | FK24: Damage | FL24: Heal Buff | FM24: Barrier | FN24: =Option!$D$20 -> 225800
C25: =IFERROR(C$3+D25, D25) -> -0.00023148148 | D25: -0.00023148148 | E25: =SWITCH(Option!C3, "日本語", "戦闘開始まで20秒", "English", "Battle commencing in 20 seconds!", "Deutsch", "Noch 20 Sekunden bis Kampfbeginn!", "Français", "Début du combat dans 20 secondes!", "한국어", "Battle commencing in 20 seconds!", "简体中文", "Battle commencing in 20 seconds!", "戦闘開始まで20秒") -> Battle commencing in 20 seconds! | G25: =SWITCH(F25, "Physical", image("https://xivapi.com/i/060000/060011.png"), "Magic", image("https://xivapi.com/i/060000/060012.png"), "Unique", image("https://xivapi.com/i/060000/060013.png"), "") | K25: FALSE | L25: FALSE | M25: FALSE | N25: - | O25: FALSE | P25: FALSE | Q25: FALSE | R25: FALSE | S25: FALSE | T25: FALSE | U25: FALSE | V25: - | W25: FALSE | X25: FALSE | Y25: FALSE | Z25: FALSE | AA25: FALSE | AB25: FALSE | AC25: FALSE | AD25: FALSE | AE25: - | AF25: - | AG25: =IFERROR(__xludf.DUMMYFUNCTION("IF( ISNUMBER(AG24), MIN(MAX( AG24 + MAX( ROUNDDOWN(($D25 - MAX(IFERROR(FILTER($D$24:$D24, AG$24:AG24 <> AF$6, AG$23:AG23 = AF$6), 0))) * (60 * 60 * 24) / AF$9) - ROUNDDOWN(($D24 - MAX(IFERROR(FILTER($D$23:$D23, AG$23:AG23 <> AF$6, AG$22:"&"AG22 = AF$6), 0))) * (60 * 60 * 24) / 60), 0 ) - COUNTIF(AF25, ""<>-""), 0), AF$6), AF$6 - COUNTIF(AF25, ""<>-"") )"),2.0) -> 2 | AH25: FALSE | AI25: FALSE | AJ25: FALSE | AK25: FALSE | AL25: FALSE | AM25: FALSE | AN25: - | AO25: FALSE | AP25: FALSE | AQ25: FALSE | AR25: FALSE | AS25: FALSE | AT25: FALSE | AU25: FALSE | AV25: FALSE | AW25: FALSE | AX25: FALSE | AY25: - | AZ25: - | BA25: =IFERROR(__xludf.DUMMYFUNCTION("IF( ISNUMBER(BA24), MIN(MAX( BA24 + MAX( ROUNDDOWN(($D25 - MAX(IFERROR(FILTER($D$24:$D24, BA$24:BA24 <> AZ$6, BA$23:BA23 = AZ$6), 0))) * (60 * 60 * 24) / AZ$9) - ROUNDDOWN(($D24 - MAX(IFERROR(FILTER($D$23:$D23, BA$23:BA23 <> AZ$6, BA$22:"&"BA22 = AZ$6), 0))) * (60 * 60 * 24) / 60), 0 ) - COUNTIF(AZ25, ""<>-""), 0), AZ$6), AZ$6 - COUNTIF(AZ25, ""<>-"") )"),2.0) -> 2 | BB25: - | BC25: =IFERROR(__xludf.DUMMYFUNCTION("IF( ISNUMBER(BC24), MIN(MAX( BC24 + MAX( ROUNDDOWN(($D25 - MAX(IFERROR(FILTER($D$24:$D24, BC$24:BC24 <> BB$6, BC$23:BC23 = BB$6), 0))) * (60 * 60 * 24) / BB$9) - ROUNDDOWN(($D24 - MAX(IFERROR(FILTER($D$23:$D23, BC$23:BC23 <> BB$6, BC$22:"&"BC22 = BB$6), 0))) * (60 * 60 * 24) / 60), 0 ) - COUNTIF(BB25, ""<>-""), 0), BB$6), BB$6 - COUNTIF(BB25, ""<>-"") )"),2.0) -> 2 | BD25: - | BE25: FALSE | BF25: FALSE | BG25: FALSE | BH25: FALSE | BI25: FALSE | BJ25: FALSE | BK25: FALSE | BL25: FALSE | BM25: FALSE | BN25: FALSE | BO25: - | BP25: - | BQ25: - | BR25: - | BS25: - | BT25: =IFERROR(__xludf.DUMMYFUNCTION("IF( ISNUMBER(BT24), MIN(MAX( BT24 + MAX( ROUNDDOWN(($D25 - MAX(IFERROR(FILTER($D$24:$D24, BT$24:BT24 <> BS$6, BT$23:BT23 = BS$6), 0))) * (60 * 60 * 24) / BS$9) - ROUNDDOWN(($D24 - MAX(IFERROR(FILTER($D$23:$D23, BT$23:BT23 <> BS$6, BT$22:"&"BT22 = BS$6), 0))) * (60 * 60 * 24) / 60), 0 ) - COUNTIF(BS25, ""<>-""), 0), BS$6), BS$6 - COUNTIF(BS25, ""<>-"") )"),3.0) -> 3 | BU25: - | BV25: - | BW25: =IFERROR(__xludf.DUMMYFUNCTION("IF( ISNUMBER(BW24), MIN(MAX( BW24 + MAX( ROUNDDOWN(($D25 - MAX(IFERROR(FILTER($D$24:$D24, BW$24:BW24 <> BV$6, BW$23:BW23 = BV$6), 0))) * (60 * 60 * 24) / BV$9) - ROUNDDOWN(($D24 - MAX(IFERROR(FILTER($D$23:$D23, BW$23:BW23 <> BV$6, BW$22:"&"BW22 = BV$6), 0))) * (60 * 60 * 24) / 60), 0 ) - COUNTIF(BV25, ""<>-""), 0), BV$6), BV$6 - COUNTIF(BV25, ""<>-"") )"),2.0) -> 2 | BX25: - | BY25: FALSE | BZ25: FALSE | CA25: FALSE | CB25: FALSE | CC25: FALSE | CD25: FALSE | CE25: FALSE | CF25: FALSE | CG25: FALSE | CH25: FALSE | CI25: FALSE | CJ25: FALSE | CK25: FALSE | CL25: FALSE | CM25: - | CN25: - | CO25: - | CP25: - | CQ25: - | CR25: FALSE | CS25: =SWITCH( IF(OR(AND(CI25, CI24<>TRUE), CR25), 3, IF(ISTEXT(CS24), FIND("◇", CS24&"◇") - 1, 0)) - COUNTIFS({BZ25,CE25}, "=TRUE", {BZ24,CE24}, "<>TRUE") - COUNTIF({CN25,CQ25}, "<>-") + IF(COUNTIFS({BZ25,CE25}, "=TRUE", {BZ24,CE24}, "<>TRUE") + COUNTIF({CN25,CQ25}, "<>-"), COUNTIFS(CJ25, "=TRUE", CJ24, "<>TRUE"), 0), 0, "◇◇◇", 1, "◆◇◇", 2, "◆◆◇", 3, "◆◆◆", "◇◇◇" ) -> ◇◇◇ | CT25: FALSE | CU25: FALSE | CV25: FALSE | CW25: FALSE | CX25: FALSE | CY25: FALSE | CZ25: FALSE | DA25: FALSE | DB25: FALSE | DC25: FALSE | DD25: - | DE25: - | DF25: - | DG25: - | DH25: FALSE | DI25: =IFERROR(__xludf.DUMMYFUNCTION("SWITCH( IF( ISTEXT(DI24), IF ( FIND(""○"", DI24&""○"") > 3, 3, FIND(""○"", DI24&""○"") + MAX( ROUNDDOWN(($D25 - MAX(IFERROR(FILTER(D$24:D24, DI$24:DI24 <> ""●●●"", DI$23:DI23 = ""●●●""), 0))) * (60 * 60 * 24) / 20"&") - ROUNDDOWN(($D24 - MAX(IFERROR(FILTER(D$23:D23, DI$23:DI23 <> ""●●●"", DI$22:DI22 = ""●●●""), 0))) * (60 * 60 * 24) / 20), 0 ) - 1 ) - COUNTIFS(CU25, ""=TRUE"", CU24, ""<>TRUE"") - COUNTIF(CZ25, ""=TRUE"") - COUNTIF({DD25,DE25}, ""<>-"&""") + COUNTIF(DH25, ""=TRUE""), 3 ), 0, ""○○○"", 1, ""●○○"", 2, ""●●○"", 3, ""●●●"", 4, ""●●●"", ""○○○"" )"),"●●●") -> ●●● | DJ25: FALSE | DK25: FALSE | DL25: FALSE | DM25: FALSE | DN25: FALSE | DO25: FALSE | DP25: FALSE | DQ25: FALSE | DR25: FALSE | DS25: FALSE | DT25: FALSE | DU25: FALSE | DV25: - | DW25: FALSE | DX25: FALSE | DY25: FALSE | DZ25: FALSE | EA25: FALSE | EB25: FALSE | EC25: FALSE | ED25: FALSE | EE25: =IFERROR(__xludf.DUMMYFUNCTION("IFERROR( PRODUCT( MAP( INDEX(TRANSPOSE(UNIQUE(TRANSPOSE(FILTER({IF($F25=""Physical"", K$10:ED$10, IF($F25=""Magic"", K$11:ED$11, K$12:ED$12));K$4:ED$4;K25:ED25}, K25:ED25=TRUE)))), 1, 0), INDEX(TRANSPOSE(UNIQUE(TRANSPOSE(FILTER({IF($"&"F25=""Physical"", K$18:ED$18, IF($F25=""Magic"", K$19:ED$19, K$20:ED$20));K$4:ED$4;K25:ED25}, K25:ED25=TRUE)))), 1, 0), INDEX(TRANSPOSE(UNIQUE(TRANSPOSE(FILTER({K$5:ED$5;K$4:ED$4;K25:ED25}, K25:ED25=TRUE)))), 1, 0), INDEX(TRANSPOSE(UNIQUE(TR"&"ANSPOSE(FILTER({K$17:ED$17;K$4:ED$4;K25:ED25}, K25:ED25=TRUE)))), 1, 0), LAMBDA( mitigation, enhance, assign, precondition, IF( REGEXMATCH(assign, ""RANGE_PARTY|SINGLE_ENEMY|RANGE_ENEMY""), "&" IF( OR(ARRAYFORMULA((IF(precondition="""", FALSE, REGEXMATCH(K$4:ED$4, precondition))) * (K25:ED25=TRUE))), IF(ISNUMBER(enhance), enhance, 1), IF(ISNUMBER(mitigation), mitigation, 1) ), "&" 1 ) ) ) ), 1 )"),1.0) -> 1 | EF25: =IFERROR(__xludf.DUMMYFUNCTION("PRODUCT( MAP( K$14:ED$14, K$13:ED$13, K25:ED25, LAMBDA( buff, target, check, IF( AND(check=TRUE, REGEXMATCH(target, ""RANGE_AFFECTED_ALL|RANGE_EFFECTED_ALL""), ISNUMBER(buff)), buff, "&" 1 ) ) ) )"),1.0) -> 1 | EG25: =IFERROR(__xludf.DUMMYFUNCTION("PRODUCT( MAP( K$14:ED$14, K$13:ED$13, K25:ED25, LAMBDA( buff, target, check, IF( AND(check=TRUE, REGEXMATCH(target, ""RANGE_AFFECTED_GCD|RANGE_EFFECTED_GCD""), ISNUMBER(buff)), buff, "&" 1 ) ) ) )"),1.0) -> 1 | EH25: =IFERROR(__xludf.DUMMYFUNCTION("PRODUCT( MAP( K$3:ED$3, K$14:ED$14, K$13:ED$13, K25:ED25, LAMBDA( job, buff, target, check, IF( AND(check=TRUE, REGEXMATCH(target, ""SELF_EFFECTED_ALL""), ISNUMBER(buff), job=""白魔道士"""&"), buff, 1 ) ) ) )"),1.0) -> 1 | EI25: =IFERROR(__xludf.DUMMYFUNCTION("PRODUCT( MAP( K$3:ED$3, K$14:ED$14, K$13:ED$13, K25:ED25, LAMBDA( job, buff, target, check, IF( AND(check=TRUE, REGEXMATCH(target, ""SELF_EFFECTED_GCD""), ISNUMBER(buff), job=""白魔道士"""&"), buff, 1 ) ) ) )"),1.0) -> 1 | EJ25: =IFERROR(__xludf.DUMMYFUNCTION("PRODUCT( MAP( K$3:ED$3, K$14:ED$14, K$13:ED$13, K25:ED25, LAMBDA( job, buff, target, check, IF( AND(check=TRUE, REGEXMATCH(target, ""SELF_EFFECTED_ALL""), ISNUMBER(buff), job=""占星術師"""&"), buff, 1 ) ) ) )"),1.0) -> 1 | EK25: =IFERROR(__xludf.DUMMYFUNCTION("PRODUCT( MAP( K$3:ED$3, K$14:ED$14, K$13:ED$13, K25:ED25, LAMBDA( job, buff, target, check, IF( AND(check=TRUE, REGEXMATCH(target, ""SELF_EFFECTED_GCD""), ISNUMBER(buff), job=""占星術師"""&"), buff, 1 ) ) ) )"),1.0) -> 1 | EL25: =IFERROR(__xludf.DUMMYFUNCTION("PRODUCT( MAP( K$3:ED$3, K$14:ED$14, K$13:ED$13, K25:ED25, LAMBDA( job, buff, target, check, IF( AND(check=TRUE, REGEXMATCH(target, ""SELF_EFFECTED_ALL""), ISNUMBER(buff), job=""学者""),"&" buff, 1 ) ) ) )"),1.0) -> 1 | EM25: =IFERROR(__xludf.DUMMYFUNCTION("PRODUCT( MAP( K$3:ED$3, K$14:ED$14, K$13:ED$13, K25:ED25, LAMBDA( job, buff, target, check, IF( AND(check=TRUE, REGEXMATCH(target, ""SELF_EFFECTED_GCD""), ISNUMBER(buff), job=""学者""),"&" buff, 1 ) ) ) )"),1.0) -> 1 | EN25: =IFERROR(__xludf.DUMMYFUNCTION("PRODUCT( MAP( K$3:ED$3, K$14:ED$14, K$13:ED$13, K25:ED25, LAMBDA( job, buff, target, check, IF( AND(check=TRUE, REGEXMATCH(target, ""SELF_EFFECTED_ALL""), ISNUMBER(buff), job=""賢者""),"&" buff, 1 ) ) ) )"),1.0) -> 1 | EO25: =IFERROR(__xludf.DUMMYFUNCTION("PRODUCT( MAP( K$3:ED$3, K$14:ED$14, K$13:ED$13, K25:ED25, LAMBDA( job, buff, target, check, IF( AND(check=TRUE, REGEXMATCH(target, ""SELF_EFFECTED_GCD""), ISNUMBER(buff), job=""賢者""),"&" buff, 1 ) ) ) )"),1.0) -> 1 | EP25: =H25*EE25 -> 0 | EQ25: =IFERROR(__xludf.DUMMYFUNCTION("SUM( MAP( K$4:ED$4, K$3:ED$3, K$7:ED$7, K$15:ED$15, K$16:ED$16, K$21:ED$21, K$5:ED$5, K$17:ED$17, K25:ED25, LAMBDA( name, job, abillity, buff, barrier, enhance,"&" assign, precondition, check, SWITCH( name, ""シェイクオフ"", IF(check=TRUE, buff + (0.02 * COUNTIF(ARRAYFORMULA((REGEXMATCH($K$4:$ED$4, ""スリル・オブ・バトル|ヴェンジェンス|原初の血気|ダムネーション"")) * (K25:ED25=TRUE)), 1)), 0), "&"""インプロビゼーションフィニッシュ(踊りの激情0)"", IF(ISNUMBER(check), INDEX(Skill!$AJ:$AJ, MATCH(SUBSTITUTE(DV$4, 0, check), Skill!$C:$C, 0)), 0), IF( AND(check=TRUE, REGEXMATCH(assign, ""RANGE_PARTY"")), IF( OR(ARRAYFORMULA((IF(pr"&"econdition="""", FALSE, REGEXMATCH($K$4:$ED$4, precondition))) * (K25:ED25=TRUE))), enhance, IF(barrier="""", buff, barrier) ), 0 ) ) * SWITCH( job, ""ナイト"", EY$24, "&" ""戦士"", FD$24, ""踊り子"", ET$24, ""ピクトマンサー"", ET$24, ""白魔道士"", EF25 * EH25 * IF(abillity, 1, EG25 * EI25) * (Option!$D$22 * 0.81 / 100), ""占星術師"", EF25 * EJ25 * IF(abillity, 1, EG25 * EK25) * (Option!$D$23 * 0.81 "&"/ 100), ""学者"", EF25 * EL25 * IF(abillity, 1, EG25 * EM25) * (Option!$D$24 * 0.81 / 100), ""賢者"", EF25 * EN25 * IF(abillity, 1, EG25 * EO25) * (Option!$D$25 * 0.81 / 100), 1 ) ) ) )"),0.0) -> 0 | ER25: =IF(EP25 < EQ25, 0, EP25 - EQ25) -> 0 | ES25: =I25*J25*EE25 -> 0 | ET25: =IFERROR(__xludf.DUMMYFUNCTION("IFS( EP25 > $ET$24 + EQ25, SPARKLINE({ 1, 0 }, {""charttype"",""bar"";""max"", 1;""color1"",Option!$D$30;""color2"",Option!$D$30}), EP25 < EQ25, SPARKLINE({EQ25 - EP25, $ET$24 - (EQ25 - EP25)}, {""charttype"",""bar"";""max"",$ET$24;""color1"",Opti"&"on!$D$28;""color2"",Option!$D$29}), EP25 >= EQ25, SPARKLINE({$ET$24 + EQ25 - EP25,EP25 - EQ25}, {""charttype"",""bar"";""max"",$ET$24;""color1"",Option!$D$29;""color2"",Option!$D$30}) )"),"") | EU25: =IFERROR(__xludf.DUMMYFUNCTION("PRODUCT( MAP( IF($F25=""Physical"", K$10:ED$10, IF($F25=""Magic"", K$11:ED$11, K$12:ED$12)), IF($F25=""Physical"", K$18:ED$18, IF($F25=""Magic"", K$19:ED$19, K$20:ED$20)), K$3:ED$3, K$5:ED$5, K$17:ED$17, K25:ED25, LAM"&"BDA( mitigation, enhance, job, assign, precondition, check, IF( OR(AND(check=TRUE, REGEXMATCH(assign, ""SELF""), job=""ナイト""), AND(check=Option!$E$13, REGEXMATCH(assign, ""SINGLE_PARTY""))), "&" IF( OR(ARRAYFORMULA((IF(precondition="""", FALSE, REGEXMATCH($K$4:$ED$4, precondition))) * (K25:ED25=TRUE))), enhance, mitigation ), 1 ) ) ) ) * EE25"),1.0) -> 1 | EV25: =H25 * EU25 * 0.8 -> 0 | EW25: =IFERROR(__xludf.DUMMYFUNCTION("PRODUCT( MAP( K$3:ED$3, K$14:ED$14, K$13:ED$13, K25:ED25, LAMBDA( job, buff, target, check, IF( OR(AND(check=TRUE, REGEXMATCH(target, ""SELF_AFFECTED_ALL""), job=""ナイト""), AND(check=O"&"ption!$E$13, REGEXMATCH(target, ""SINGLE_AFFECTED_ALL""))), buff, 1 ) ) ) )"),1.0) -> 1 | EX25: =IFERROR(__xludf.DUMMYFUNCTION("SUM( MAP( K$3:ED$3, K$7:ED$7, K$15:ED$15, K$16:ED$16, K$21:ED$21, K$5:ED$5, K$17:ED$17, K25:ED25, LAMBDA( job, abillity, buff, barrier, enhance, assign, preco"&"ndition, check, IF( OR(AND(check=TRUE, REGEXMATCH(assign, ""SELF""), job=""ナイト""), AND(check=Option!$E$13, REGEXMATCH(assign, ""SINGLE_PARTY""))), IF( OR(ARRAYFORMULA((IF(precondition="""", FALSE, REGEXMATCH($K$4"&":$ED$4, precondition))) * (K25:ED25=TRUE))), enhance, IF(barrier="""", buff, barrier) ), 0 ) * SWITCH( job, ""暗黒騎士"", EY$24, ""白魔道士"", EF25 * EH25 * EW25 * IF(abillity, 1, EG"&"25 * EI25) * (Option!$D$22 * 0.81 / 100), ""占星術師"", EF25 * EJ25 * EW25 * IF(abillity, 1, EG25 * EK25) * (Option!$D$23 * 0.81 / 100), ""学者"", EF25 * EL25 * EW25 * IF(abillity, 1, EG25 * EM25) * (Option!$D$24 * 0.81 / 100), ""賢者"""&", EF25 * EN25 * EW25 * IF(abillity, 1, EG25 * EO25) * (Option!$D$25 * 0.81 / 100), 1 ) ) ) ) + EQ25"),0.0) -> 0 | EY25: =MAX(EV25 - EX25, 0) -> 0 | EZ25: =IFERROR(__xludf.DUMMYFUNCTION("PRODUCT( MAP( IF($F25=""Physical"", K$10:ED$10, IF($F25=""Magic"", K$11:ED$11, K$12:ED$12)), IF($F25=""Physical"", K$18:ED$18, IF($F25=""Magic"", K$19:ED$19, K$20:ED$20)), K$3:ED$3, K$5:ED$5, K$17:ED$17, K25:ED25, LAM"&"BDA( mitigation, enhance, job, assign, precondition, check, IF( OR(AND(check=TRUE, REGEXMATCH(assign, ""SELF""), job=""戦士""), AND(check=Option!$F$13, REGEXMATCH(assign, ""SINGLE_PARTY""))), "&" IF( OR(ARRAYFORMULA((IF(precondition="""", FALSE, REGEXMATCH($K$4:$ED$4, precondition))) * (K25:ED25=TRUE))), enhance, mitigation ), 1 ) ) ) ) * EE25"),1.0) -> 1 | FA25: =H25 * EZ25 * 0.8 -> 0 | FB25: =IFERROR(__xludf.DUMMYFUNCTION("PRODUCT( MAP( K$3:ED$3, K$14:ED$14, K$13:ED$13, K25:ED25, LAMBDA( job, buff, target, check, IF( OR(AND(check=TRUE, REGEXMATCH(target, ""SELF_AFFECTED_ALL""), job=""戦士""), AND(check=Op"&"tion!$F$13, REGEXMATCH(target, ""SINGLE_AFFECTED_ALL""))), buff, 1 ) ) ) )"),1.0) -> 1 | FC25: =IFERROR(__xludf.DUMMYFUNCTION("SUM( MAP( K$3:ED$3, K$7:ED$7, K$15:ED$15, K$16:ED$16, K$21:ED$21, K$5:ED$5, K$17:ED$17, K25:ED25, LAMBDA( job, abillity, buff, barrier, enhance, assign, preco"&"ndition, check, IF( OR(AND(check=TRUE, REGEXMATCH(assign, ""SELF""), job=""戦士""), AND(check=Option!$F$13, REGEXMATCH(assign, ""SINGLE_PARTY""))), IF( OR(ARRAYFORMULA((IF(precondition="""", FALSE, REGEXMATCH($K$4:"&"$ED$4, precondition))) * (K25:ED25=TRUE))), enhance, IF(barrier="""", buff, barrier) ), 0 ) * SWITCH( job, ""暗黒騎士"", FD$24, ""白魔道士"", EF25 * EH25 * FB25 * IF(abillity, 1, EG2"&"5 * EI25) * (Option!$D$22 * 0.81 / 100), ""占星術師"", EF25 * EJ25 * FFB25 * IF(abillity, 1, EG25 * EK25) * (Option!$D$23 * 0.81 / 100), ""学者"", EF25 * EL25 * FB25 * IF(abillity, 1, EG25 * EM25) * (Option!$D$24 * 0.81 / 100), ""賢者"""&", EF25 * EN25 * FB25 * IF(abillity, 1, EG25 * EO25) * (Option!$D$25 * 0.81 / 100), 1 ) ) ) ) + EQ25"),0.0) -> 0 | FD25: =MAX(FA25 - FC25, 0) -> 0 | FE25: =IFERROR(__xludf.DUMMYFUNCTION("PRODUCT( MAP( IF($F25=""Physical"", K$10:ED$10, IF($F25=""Magic"", K$11:ED$11, K$12:ED$12)), IF($F25=""Physical"", K$18:ED$18, IF($F25=""Magic"", K$19:ED$19, K$20:ED$20)), K$3:ED$3, K$5:ED$5, K$17:ED$17, K25:ED25, LAM"&"BDA( mitigation, enhance, job, assign, precondition, check, IF( OR(AND(check=TRUE, REGEXMATCH(assign, ""SELF""), job=""暗黒騎士""), AND(check=Option!$G$13, REGEXMATCH(assign, ""SINGLE_PARTY""))), "&" IF( OR(ARRAYFORMULA((IF(precondition="""", FALSE, REGEXMATCH($K$4:$ED$4, precondition))) * (K25:ED25=TRUE))), enhance, mitigation ), 1 ) ) ) ) * EE25"),1.0) -> 1 | FF25: =H25 * FE25 * 0.8 -> 0 | FG25: =IFERROR(__xludf.DUMMYFUNCTION("PRODUCT( MAP( K$3:ED$3, K$14:ED$14, K$13:ED$13, K25:ED25, LAMBDA( job, buff, target, check, IF( OR(AND(check=TRUE, REGEXMATCH(target, ""SELF_AFFECTED_ALL""), job=""暗黒騎士""), AND(check="&"Option!$G$13, REGEXMATCH(target, ""SINGLE_AFFECTED_ALL""))), buff, 1 ) ) ) )"),1.0) -> 1 | FH25: =IFERROR(__xludf.DUMMYFUNCTION("SUM( MAP( K$3:ED$3, K$7:ED$7, K$15:ED$15, K$16:ED$16, K$21:ED$21, K$5:ED$5, K$17:ED$17, K25:ED25, LAMBDA( job, abillity, buff, barrier, enhance, assign, preco"&"ndition, check, IF( OR(AND(check=TRUE, REGEXMATCH(assign, ""SELF""), job=""暗黒騎士""), AND(check=Option!$G$13, REGEXMATCH(assign, ""SINGLE_PARTY""))), IF( OR(ARRAYFORMULA((IF(precondition="""", FALSE, REGEXMATCH($K$"&"4:$ED$4, precondition))) * (K25:ED25=TRUE))), enhance, IF(barrier="""", buff, barrier) ), 0 ) * SWITCH( job, ""暗黒騎士"", FI$24, ""白魔道士"", EF25 * EH25 * FG25 * IF(abillity, 1, E"&"G25 * EI25) * (Option!$D$22 * 0.81 / 100), ""占星術師"", EF25 * EJ25 * FG25 * IF(abillity, 1, EG25 * EK25) * (Option!$D$23 * 0.81 / 100), ""学者"", EF25 * EL25 * FG25 * IF(abillity, 1, EG25 * EM25) * (Option!$D$24 * 0.81 / 100), ""賢者"&""", EF25 * EN25 * FG25 * IF(abillity, 1, EG25 * EO25) * (Option!$D$25 * 0.81 / 100), 1 ) ) ) ) + EQ25"),0.0) -> 0 | FI25: =MAX(FF25 - FH25, 0) -> 0 | FJ25: =IFERROR(__xludf.DUMMYFUNCTION("PRODUCT( MAP( IF($F25=""Physical"", K$10:ED$10, IF($F25=""Magic"", K$11:ED$11, K$12:ED$12)), IF($F25=""Physical"", K$18:ED$18, IF($F25=""Magic"", K$19:ED$19, K$20:ED$20)), K$3:ED$3, K$5:ED$5, K$17:ED$17, K25:ED25, LAM"&"BDA( mitigation, enhance, job, assign, precondition, check, IF( OR(AND(check=TRUE, REGEXMATCH(assign, ""SELF""), job=""ガンブレイカー""), AND(check=Option!$H$13, REGEXMATCH(assign, ""SINGLE_PARTY""))), "&" IF( OR(ARRAYFORMULA((IF(precondition="""", FALSE, REGEXMATCH($K$4:$ED$4, precondition))) * (K25:ED25=TRUE))), enhance, mitigation ), 1 ) ) ) ) * EE25"),1.0) -> 1 | FK25: =H25 * FJ25 * 0.8 -> 0 | FL25: =IFERROR(__xludf.DUMMYFUNCTION("PRODUCT( MAP( K$3:ED$3, K$14:ED$14, K$13:ED$13, K25:ED25, LAMBDA( job, buff, target, check, IF( OR(AND(check=TRUE, REGEXMATCH(target, ""SELF_AFFECTED_ALL""), job=""ガンブレイカー""), AND(che"&"ck=Option!$H$13, REGEXMATCH(target, ""SINGLE_AFFECTED_ALL""))), buff, 1 ) ) ) )"),1.0) -> 1 | FM25: =IFERROR(__xludf.DUMMYFUNCTION("SUM( MAP( K$3:ED$3, K$7:ED$7, K$15:ED$15, K$16:ED$16, K$21:ED$21, K$5:ED$5, K$17:ED$17, K25:ED25, LAMBDA( job, abillity, buff, barrier, enhance, assign, preco"&"ndition, check, IF( OR(AND(check=TRUE, REGEXMATCH(assign, ""SELF""), job=""ガンブレイカー""), AND(check=Option!$H$13, REGEXMATCH(assign, ""SINGLE_PARTY""))), IF( OR(ARRAYFORMULA((IF(precondition="""", FALSE, REGEXMATCH("&"$K$4:$ED$4, precondition))) * (K25:ED25=TRUE))), enhance, IF(barrier="""", buff, barrier) ), 0 ) * SWITCH( job, ""暗黒騎士"", FN$24, ""白魔道士"", EF25 * EH25 * FL25 * IF(abillity, 1"&", EG25 * EI25) * (Option!$D$22 * 0.81 / 100), ""占星術師"", EF25 * EJ25 * FL25 * IF(abillity, 1, EG25 * EK25) * (Option!$D$23 * 0.81 / 100), ""学者"", EF25 * EL25 * FL25 * IF(abillity, 1, EG25 * EM25) * (Option!$D$24 * 0.81 / 100), """&"賢者"", EF25 * EN25 * FL25 * IF(abillity, 1, EG25 * EO25) * (Option!$D$25 * 0.81 / 100), 1 ) ) ) ) + EQ25"),0.0) -> 0 | FN25: =MAX(FK25 - FM25, 0) -> 0
C26: =IFERROR(C$3+D26, D26) -> -0.00017361111 | D26: -0.00017361111 | E26: =SWITCH(Option!C3, "日本語", "戦闘開始まで15秒", "English", "Battle commencing in 15 seconds!", "Deutsch", "Noch 15 Sekunden!", "Français", "Début du combat dans 15 secondes!", "한국어", "Battle commencing in 15 seconds!", "简体中文", "Battle commencing in 15 seconds!", "戦闘開始まで15秒") -> Battle commencing in 15 seconds! | G26: =SWITCH(F26, "Physical", image("https://xivapi.com/i/060000/060011.png"), "Magic", image("https://xivapi.com/i/060000/060012.png"), "Unique", image("https://xivapi.com/i/060000/060013.png"), "") | K26: FALSE | L26: FALSE | M26: FALSE | N26: - | O26: FALSE | P26: FALSE | Q26: FALSE | R26: FALSE | S26: FALSE | T26: FALSE | U26: FALSE | V26: - | W26: FALSE | X26: FALSE | Y26: FALSE | Z26: FALSE | AA26: FALSE | AB26: FALSE | AC26: FALSE | AD26: FALSE | AE26: - | AF26: - | AG26: =IFERROR(__xludf.DUMMYFUNCTION("IF( ISNUMBER(AG25), MIN(MAX( AG25 + MAX( ROUNDDOWN(($D26 - MAX(IFERROR(FILTER($D$24:$D25, AG$24:AG25 <> AF$6, AG$23:AG24 = AF$6), 0))) * (60 * 60 * 24) / AF$9) - ROUNDDOWN(($D25 - MAX(IFERROR(FILTER($D$23:$D24, AG$23:AG24 <> AF$6, AG$22:"&"AG23 = AF$6), 0))) * (60 * 60 * 24) / 60), 0 ) - COUNTIF(AF26, ""<>-""), 0), AF$6), AF$6 - COUNTIF(AF26, ""<>-"") )"),2.0) -> 2 | AH26: FALSE | AI26: FALSE | AJ26: FALSE | AK26: FALSE | AL26: FALSE | AM26: FALSE | AN26: - | AO26: FALSE | AP26: FALSE | AQ26: FALSE | AR26: FALSE | AS26: FALSE | AT26: FALSE | AU26: FALSE | AV26: FALSE | AW26: FALSE | AX26: FALSE | AY26: - | AZ26: - | BA26: =IFERROR(__xludf.DUMMYFUNCTION("IF( ISNUMBER(BA25), MIN(MAX( BA25 + MAX( ROUNDDOWN((D26 - MAX(IFERROR(FILTER(D$24:D25, BA$24:BA25 <> AZ$6, BA$23:BA24 = AZ$6), 0))) * (60 * 60 * 24) / AZ$9) - ROUNDDOWN((D25 - MAX(IFERROR(FILTER(D$23:D24, BA$23:BA24 <> AZ$6, BA$22:BA23 ="&" AZ$6), 0))) * (60 * 60 * 24) / AZ$9), 0 ) - COUNTIF(AZ26, ""<>-""), 0), AZ$6), AZ$6 - COUNTIF(AZ26, ""<>-"") )"),2.0) -> 2 | BB26: - | BC26: =IFERROR(__xludf.DUMMYFUNCTION("IF( ISNUMBER(BC25), MIN(MAX( BC25 + MAX( ROUNDDOWN(($D26 - MAX(IFERROR(FILTER($D$24:$D25, BC$24:BC25 <> BB$6, BC$23:BC24 = BB$6), 0))) * (60 * 60 * 24) / BB$9) - ROUNDDOWN(($D25 - MAX(IFERROR(FILTER($D$23:$D24, BC$23:BC24 <> BB$6, BC$22:"&"BC23 = BB$6), 0))) * (60 * 60 * 24) / 60), 0 ) - COUNTIF(BB26, ""<>-""), 0), BB$6), BB$6 - COUNTIF(BB26, ""<>-"") )"),2.0) -> 2 | BD26: - | BE26: FALSE | BF26: FALSE | BG26: FALSE | BH26: FALSE | BI26: FALSE | BJ26: FALSE | BK26: FALSE | BL26: FALSE | BM26: FALSE | BN26: FALSE | BO26: - | BP26: - | BQ26: - | BR26: - | BS26: - | BT26: =IFERROR(__xludf.DUMMYFUNCTION("IF( ISNUMBER(BT25), MIN(MAX( BT25 + MAX( ROUNDDOWN((D26 - MAX(IFERROR(FILTER(D$24:D25, BT$24:BT25 <> BS$6, BT$23:BT24 = BS$6), 0))) * (60 * 60 * 24) / BS$9) - ROUNDDOWN((D25 - MAX(IFERROR(FILTER(D$23:D24, BT$23:BT24 <> BS$6, BT$22:BT23 ="&" BS$6), 0))) * (60 * 60 * 24) / BS$9), 0 ) - COUNTIF(BS26, ""<>-""), 0), BS$6), BS$6 - COUNTIF(BS26, ""<>-"") )"),3.0) -> 3 | BU26: - | BV26: - | BW26: =IFERROR(__xludf.DUMMYFUNCTION("IF( ISNUMBER(BW25), MIN(MAX( BW25 + MAX( ROUNDDOWN((D26 - MAX(IFERROR(FILTER(D$24:D25, BW$24:BW25 <> BV$6, BW$23:BW24 = BV$6), 0))) * (60 * 60 * 24) / BV$9) - ROUNDDOWN((D25 - MAX(IFERROR(FILTER(D$23:D24, BW$23:BW24 <> BV$6, BW$22:BW23 ="&" BV$6), 0))) * (60 * 60 * 24) / BV$9), 0 ) - COUNTIF(BV26, ""<>-""), 0), BV$6), BV$6 - COUNTIF(BV26, ""<>-"") )"),2.0) -> 2 | BX26: - | BY26: FALSE | BZ26: FALSE | CA26: FALSE | CB26: FALSE | CC26: FALSE | CD26: FALSE | CE26: FALSE | CF26: FALSE | CG26: FALSE | CH26: FALSE | CI26: FALSE | CJ26: FALSE | CK26: FALSE | CL26: FALSE | CM26: - | CN26: - | CO26: - | CP26: - | CQ26: - | CR26: FALSE | CS26: =SWITCH( IF(OR(AND(CI26, CI25<>TRUE), CR26), 3, IF(ISTEXT(CS25), FIND("◇", CS25&"◇") - 1, 0)) - COUNTIFS({BZ26,CE26}, "=TRUE", {BZ25,CE25}, "<>TRUE") - COUNTIF({CN26,CQ26}, "<>-") + IF(COUNTIFS({BZ26,CE26}, "=TRUE", {BZ25,CE25}, "<>TRUE") + COUNTIF({CN26,CQ26}, "<>-"), COUNTIFS(CJ26, "=TRUE", CJ25, "<>TRUE"), 0), 0, "◇◇◇", 1, "◆◇◇", 2, "◆◆◇", 3, "◆◆◆", "◇◇◇" ) -> ◇◇◇ | CT26: FALSE | CU26: FALSE | CV26: FALSE | CW26: FALSE | CX26: FALSE | CY26: FALSE | CZ26: FALSE | DA26: FALSE | DB26: FALSE | DC26: FALSE | DD26: - | DE26: - | DF26: - | DG26: - | DH26: FALSE | DI26: =IFERROR(__xludf.DUMMYFUNCTION("SWITCH( IF( ISTEXT(DI25), IF ( FIND(""○"", DI25&""○"") > 3, 3, FIND(""○"", DI25&""○"") + MAX( ROUNDDOWN(($D26 - MAX(IFERROR(FILTER(D$24:D25, DI$24:DI25 <> ""●●●"", DI$23:DI24 = ""●●●""), 0))) * (60 * 60 * 24) / 20"&") - ROUNDDOWN(($D25 - MAX(IFERROR(FILTER(D$23:D24, DI$23:DI24 <> ""●●●"", DI$22:DI23 = ""●●●""), 0))) * (60 * 60 * 24) / 20), 0 ) - 1 ) - COUNTIFS(CU26, ""=TRUE"", CU25, ""<>TRUE"") - COUNTIF(CZ26, ""=TRUE"") - COUNTIF({DD26,DE26}, ""<>-"&""") + COUNTIF(DH26, ""=TRUE""), 3 ), 0, ""○○○"", 1, ""●○○"", 2, ""●●○"", 3, ""●●●"", 4, ""●●●"", ""○○○"" )"),"●●●") -> ●●● | DJ26: FALSE | DK26: FALSE | DL26: FALSE | DM26: FALSE | DN26: FALSE | DO26: FALSE | DP26: FALSE | DQ26: FALSE | DR26: FALSE | DS26: FALSE | DT26: FALSE | DU26: FALSE | DV26: - | DW26: FALSE | DX26: FALSE | DY26: FALSE | DZ26: FALSE | EA26: FALSE | EB26: FALSE | EC26: FALSE | ED26: FALSE | EE26: =IFERROR(__xludf.DUMMYFUNCTION("IFERROR( PRODUCT( MAP( INDEX(TRANSPOSE(UNIQUE(TRANSPOSE(FILTER({IF($F26=""Physical"", K$10:ED$10, IF($F26=""Magic"", K$11:ED$11, K$12:ED$12));K$4:ED$4;K26:ED26}, K26:ED26=TRUE)))), 1, 0), INDEX(TRANSPOSE(UNIQUE(TRANSPOSE(FILTER({IF($"&"F26=""Physical"", K$18:ED$18, IF($F26=""Magic"", K$19:ED$19, K$20:ED$20));K$4:ED$4;K26:ED26}, K26:ED26=TRUE)))), 1, 0), INDEX(TRANSPOSE(UNIQUE(TRANSPOSE(FILTER({K$5:ED$5;K$4:ED$4;K26:ED26}, K26:ED26=TRUE)))), 1, 0), INDEX(TRANSPOSE(UNIQUE(TR"&"ANSPOSE(FILTER({K$17:ED$17;K$4:ED$4;K26:ED26}, K26:ED26=TRUE)))), 1, 0), LAMBDA( mitigation, enhance, assign, precondition, IF( REGEXMATCH(assign, ""RANGE_PARTY|SINGLE_ENEMY|RANGE_ENEMY""), "&" IF( OR(ARRAYFORMULA((IF(precondition="""", FALSE, REGEXMATCH(K$4:ED$4, precondition))) * (K26:ED26=TRUE))), IF(ISNUMBER(enhance), enhance, 1), IF(ISNUMBER(mitigation), mitigation, 1) ), "&" 1 ) ) ) ), 1 )"),1.0) -> 1 | EF26: =IFERROR(__xludf.DUMMYFUNCTION("PRODUCT( MAP( K$14:ED$14, K$13:ED$13, K26:ED26, LAMBDA( buff, target, check, IF( AND(check=TRUE, REGEXMATCH(target, ""RANGE_AFFECTED_ALL|RANGE_EFFECTED_ALL""), ISNUMBER(buff)), buff, "&" 1 ) ) ) )"),1.0) -> 1 | EG26: =IFERROR(__xludf.DUMMYFUNCTION("PRODUCT( MAP( K$14:ED$14, K$13:ED$13, K26:ED26, LAMBDA( buff, target, check, IF( AND(check=TRUE, REGEXMATCH(target, ""RANGE_AFFECTED_GCD|RANGE_EFFECTED_GCD""), ISNUMBER(buff)), buff, "&" 1 ) ) ) )"),1.0) -> 1 | EH26: =IFERROR(__xludf.DUMMYFUNCTION("PRODUCT( MAP( K$3:ED$3, K$14:ED$14, K$13:ED$13, K26:ED26, LAMBDA( job, buff, target, check, IF( AND(check=TRUE, REGEXMATCH(target, ""SELF_EFFECTED_ALL""), ISNUMBER(buff), job=""白魔道士"""&"), buff, 1 ) ) ) )"),1.0) -> 1 | EI26: =IFERROR(__xludf.DUMMYFUNCTION("PRODUCT( MAP( K$3:ED$3, K$14:ED$14, K$13:ED$13, K26:ED26, LAMBDA( job, buff, target, check, IF( AND(check=TRUE, REGEXMATCH(target, ""SELF_EFFECTED_GCD""), ISNUMBER(buff), job=""白魔道士"""&"), buff, 1 ) ) ) )"),1.0) -> 1 | EJ26: =IFERROR(__xludf.DUMMYFUNCTION("PRODUCT( MAP( K$3:ED$3, K$14:ED$14, K$13:ED$13, K26:ED26, LAMBDA( job, buff, target, check, IF( AND(check=TRUE, REGEXMATCH(target, ""SELF_EFFECTED_ALL""), ISNUMBER(buff), job=""占星術師"""&"), buff, 1 ) ) ) )"),1.0) -> 1 | EK26: =IFERROR(__xludf.DUMMYFUNCTION("PRODUCT( MAP( K$3:ED$3, K$14:ED$14, K$13:ED$13, K26:ED26, LAMBDA( job, buff, target, check, IF( AND(check=TRUE, REGEXMATCH(target, ""SELF_EFFECTED_GCD""), ISNUMBER(buff), job=""占星術師"""&"), buff, 1 ) ) ) )"),1.0) -> 1 | EL26: =IFERROR(__xludf.DUMMYFUNCTION("PRODUCT( MAP( K$3:ED$3, K$14:ED$14, K$13:ED$13, K26:ED26, LAMBDA( job, buff, target, check, IF( AND(check=TRUE, REGEXMATCH(target, ""SELF_EFFECTED_ALL""), ISNUMBER(buff), job=""学者""),"&" buff, 1 ) ) ) )"),1.0) -> 1 | EM26: =IFERROR(__xludf.DUMMYFUNCTION("PRODUCT( MAP( K$3:ED$3, K$14:ED$14, K$13:ED$13, K26:ED26, LAMBDA( job, buff, target, check, IF( AND(check=TRUE, REGEXMATCH(target, ""SELF_EFFECTED_GCD""), ISNUMBER(buff), job=""学者""),"&" buff, 1 ) ) ) )"),1.0) -> 1 | EN26: =IFERROR(__xludf.DUMMYFUNCTION("PRODUCT( MAP( K$3:ED$3, K$14:ED$14, K$13:ED$13, K26:ED26, LAMBDA( job, buff, target, check, IF( AND(check=TRUE, REGEXMATCH(target, ""SELF_EFFECTED_ALL""), ISNUMBER(buff), job=""賢者""),"&" buff, 1 ) ) ) )"),1.0) -> 1 | EO26: =IFERROR(__xludf.DUMMYFUNCTION("PRODUCT( MAP( K$3:ED$3, K$14:ED$14, K$13:ED$13, K26:ED26, LAMBDA( job, buff, target, check, IF( AND(check=TRUE, REGEXMATCH(target, ""SELF_EFFECTED_GCD""), ISNUMBER(buff), job=""賢者""),"&" buff, 1 ) ) ) )"),1.0) -> 1 | EP26: =H26*EE26 -> 0 | EQ26: =IFERROR(__xludf.DUMMYFUNCTION("SUM( MAP( K$4:ED$4, K$3:ED$3, K$7:ED$7, K$15:ED$15, K$16:ED$16, K$21:ED$21, K$5:ED$5, K$17:ED$17, K26:ED26, LAMBDA( name, job, abillity, buff, barrier, enhance,"&" assign, precondition, check, SWITCH( name, ""シェイクオフ"", IF(check=TRUE, buff + (0.02 * COUNTIF(ARRAYFORMULA((REGEXMATCH($K$4:$ED$4, ""スリル・オブ・バトル|ヴェンジェンス|原初の血気|ダムネーション"")) * (K26:ED26=TRUE)), 1)), 0), "&"""インプロビゼーションフィニッシュ(踊りの激情0)"", IF(ISNUMBER(check), INDEX(Skill!$AJ:$AJ, MATCH(SUBSTITUTE(DV$4, 0, check), Skill!$C:$C, 0)), 0), IF( AND(check=TRUE, REGEXMATCH(assign, ""RANGE_PARTY"")), IF( OR(ARRAYFORMULA((IF(pr"&"econdition="""", FALSE, REGEXMATCH($K$4:$ED$4, precondition))) * (K26:ED26=TRUE))), enhance, IF(barrier="""", buff, barrier) ), 0 ) ) * SWITCH( job, ""ナイト"", EY$24, "&" ""戦士"", FD$24, ""踊り子"", ET$24, ""ピクトマンサー"", ET$24, ""白魔道士"", EF26 * EH26 * IF(abillity, 1, EG26 * EI26) * (Option!$D$22 * 0.81 / 100), ""占星術師"", EF26 * EJ26 * IF(abillity, 1, EG26 * EK26) * (Option!$D$23 * 0.81 "&"/ 100), ""学者"", EF26 * EL26 * IF(abillity, 1, EG26 * EM26) * (Option!$D$24 * 0.81 / 100), ""賢者"", EF26 * EN26 * IF(abillity, 1, EG26 * EO26) * (Option!$D$25 * 0.81 / 100), 1 ) ) ) )"),0.0) -> 0 | ER26: =IF(EP26 < EQ26, 0, EP26 - EQ26) -> 0 | ES26: =I26*J26*EE26 -> 0 | ET26: =IFERROR(__xludf.DUMMYFUNCTION("IFS( EP26 > $ET$24 + EQ26, SPARKLINE({ 1, 0 }, {""charttype"",""bar"";""max"", 1;""color1"",Option!$D$30;""color2"",Option!$D$30}), EP26 < EQ26, SPARKLINE({EQ26 - EP26, $ET$24 - (EQ26 - EP26)}, {""charttype"",""bar"";""max"",$ET$24;""color1"",Opti"&"on!$D$28;""color2"",Option!$D$29}), EP26 >= EQ26, SPARKLINE({$ET$24 + EQ26 - EP26,EP26 - EQ26}, {""charttype"",""bar"";""max"",$ET$24;""color1"",Option!$D$29;""color2"",Option!$D$30}) )"),"") | EU26: =IFERROR(__xludf.DUMMYFUNCTION("PRODUCT( MAP( IF($F26=""Physical"", K$10:ED$10, IF($F26=""Magic"", K$11:ED$11, K$12:ED$12)), IF($F26=""Physical"", K$18:ED$18, IF($F26=""Magic"", K$19:ED$19, K$20:ED$20)), K$3:ED$3, K$5:ED$5, K$17:ED$17, K26:ED26, LAM"&"BDA( mitigation, enhance, job, assign, precondition, check, IF( OR(AND(check=TRUE, REGEXMATCH(assign, ""SELF""), job=""ナイト""), AND(check=Option!$E$13, REGEXMATCH(assign, ""SINGLE_PARTY""))), "&" IF( OR(ARRAYFORMULA((IF(precondition="""", FALSE, REGEXMATCH($K$4:$ED$4, precondition))) * (K26:ED26=TRUE))), enhance, mitigation ), 1 ) ) ) ) * EE26"),1.0) -> 1 | EV26: =H26 * EU26 * 0.8 -> 0 | EW26: =IFERROR(__xludf.DUMMYFUNCTION("PRODUCT( MAP( K$3:ED$3, K$14:ED$14, K$13:ED$13, K26:ED26, LAMBDA( job, buff, target, check, IF( OR(AND(check=TRUE, REGEXMATCH(target, ""SELF_AFFECTED_ALL""), job=""ナイト""), AND(check=O"&"ption!$E$13, REGEXMATCH(target, ""SINGLE_AFFECTED_ALL""))), buff, 1 ) ) ) )"),1.0) -> 1 | EX26: =IFERROR(__xludf.DUMMYFUNCTION("SUM( MAP( K$3:ED$3, K$7:ED$7, K$15:ED$15, K$16:ED$16, K$21:ED$21, K$5:ED$5, K$17:ED$17, K26:ED26, LAMBDA( job, abillity, buff, barrier, enhance, assign, preco"&"ndition, check, IF( OR(AND(check=TRUE, REGEXMATCH(assign, ""SELF""), job=""ナイト""), AND(check=Option!$E$13, REGEXMATCH(assign, ""SINGLE_PARTY""))), IF( OR(ARRAYFORMULA((IF(precondition="""", FALSE, REGEXMATCH($K$4"&":$ED$4, precondition))) * (K26:ED26=TRUE))), enhance, IF(barrier="""", buff, barrier) ), 0 ) * SWITCH( job, ""暗黒騎士"", EY$24, ""白魔道士"", EF26 * EH26 * EW26 * IF(abillity, 1, EG"&"26 * EI26) * (Option!$D$22 * 0.81 / 100), ""占星術師"", EF26 * EJ26 * EW26 * IF(abillity, 1, EG26 * EK26) * (Option!$D$23 * 0.81 / 100), ""学者"", EF26 * EL26 * EW26 * IF(abillity, 1, EG26 * EM26) * (Option!$D$24 * 0.81 / 100), ""賢者"""&", EF26 * EN26 * EW26 * IF(abillity, 1, EG26 * EO26) * (Option!$D$25 * 0.81 / 100), 1 ) ) ) ) + EQ26"),0.0) -> 0 | EY26: =MAX(EV26 - EX26, 0) -> 0 | EZ26: =IFERROR(__xludf.DUMMYFUNCTION("PRODUCT( MAP( IF($F26=""Physical"", K$10:ED$10, IF($F26=""Magic"", K$11:ED$11, K$12:ED$12)), IF($F26=""Physical"", K$18:ED$18, IF($F26=""Magic"", K$19:ED$19, K$20:ED$20)), K$3:ED$3, K$5:ED$5, K$17:ED$17, K26:ED26, LAM"&"BDA( mitigation, enhance, job, assign, precondition, check, IF( OR(AND(check=TRUE, REGEXMATCH(assign, ""SELF""), job=""戦士""), AND(check=Option!$F$13, REGEXMATCH(assign, ""SINGLE_PARTY""))), "&" IF( OR(ARRAYFORMULA((IF(precondition="""", FALSE, REGEXMATCH($K$4:$ED$4, precondition))) * (K26:ED26=TRUE))), enhance, mitigation ), 1 ) ) ) ) * EE26"),1.0) -> 1 | FA26: =H26 * EZ26 * 0.8 -> 0 | FB26: =IFERROR(__xludf.DUMMYFUNCTION("PRODUCT( MAP( K$3:ED$3, K$14:ED$14, K$13:ED$13, K26:ED26, LAMBDA( job, buff, target, check, IF( OR(AND(check=TRUE, REGEXMATCH(target, ""SELF_AFFECTED_ALL""), job=""戦士""), AND(check=Op"&"tion!$F$13, REGEXMATCH(target, ""SINGLE_AFFECTED_ALL""))), buff, 1 ) ) ) )"),1.0) -> 1 | FC26: =IFERROR(__xludf.DUMMYFUNCTION("SUM( MAP( K$3:ED$3, K$7:ED$7, K$15:ED$15, K$16:ED$16, K$21:ED$21, K$5:ED$5, K$17:ED$17, K26:ED26, LAMBDA( job, abillity, buff, barrier, enhance, assign, preco"&"ndition, check, IF( OR(AND(check=TRUE, REGEXMATCH(assign, ""SELF""), job=""戦士""), AND(check=Option!$F$13, REGEXMATCH(assign, ""SINGLE_PARTY""))), IF( OR(ARRAYFORMULA((IF(precondition="""", FALSE, REGEXMATCH($K$4:"&"$ED$4, precondition))) * (K26:ED26=TRUE))), enhance, IF(barrier="""", buff, barrier) ), 0 ) * SWITCH( job, ""暗黒騎士"", FD$24, ""白魔道士"", EF26 * EH26 * FB26 * IF(abillity, 1, EG2"&"6 * EI26) * (Option!$D$22 * 0.81 / 100), ""占星術師"", EF26 * EJ26 * FFB26 * IF(abillity, 1, EG26 * EK26) * (Option!$D$23 * 0.81 / 100), ""学者"", EF26 * EL26 * FB26 * IF(abillity, 1, EG26 * EM26) * (Option!$D$24 * 0.81 / 100), ""賢者"""&", EF26 * EN26 * FB26 * IF(abillity, 1, EG26 * EO26) * (Option!$D$25 * 0.81 / 100), 1 ) ) ) ) + EQ26"),0.0) -> 0 | FD26: =MAX(FA26 - FC26, 0) -> 0 | FE26: =IFERROR(__xludf.DUMMYFUNCTION("PRODUCT( MAP( IF($F26=""Physical"", K$10:ED$10, IF($F26=""Magic"", K$11:ED$11, K$12:ED$12)), IF($F26=""Physical"", K$18:ED$18, IF($F26=""Magic"", K$19:ED$19, K$20:ED$20)), K$3:ED$3, K$5:ED$5, K$17:ED$17, K26:ED26, LAM"&"BDA( mitigation, enhance, job, assign, precondition, check, IF( OR(AND(check=TRUE, REGEXMATCH(assign, ""SELF""), job=""暗黒騎士""), AND(check=Option!$G$13, REGEXMATCH(assign, ""SINGLE_PARTY""))), "&" IF( OR(ARRAYFORMULA((IF(precondition="""", FALSE, REGEXMATCH($K$4:$ED$4, precondition))) * (K26:ED26=TRUE))), enhance, mitigation ), 1 ) ) ) ) * EE26"),1.0) -> 1 | FF26: =H26 * FE26 * 0.8 -> 0 | FG26: =IFERROR(__xludf.DUMMYFUNCTION("PRODUCT( MAP( K$3:ED$3, K$14:ED$14, K$13:ED$13, K26:ED26, LAMBDA( job, buff, target, check, IF( OR(AND(check=TRUE, REGEXMATCH(target, ""SELF_AFFECTED_ALL""), job=""暗黒騎士""), AND(check="&"Option!$G$13, REGEXMATCH(target, ""SINGLE_AFFECTED_ALL""))), buff, 1 ) ) ) )"),1.0) -> 1 | FH26: =IFERROR(__xludf.DUMMYFUNCTION("SUM( MAP( K$3:ED$3, K$7:ED$7, K$15:ED$15, K$16:ED$16, K$21:ED$21, K$5:ED$5, K$17:ED$17, K26:ED26, LAMBDA( job, abillity, buff, barrier, enhance, assign, preco"&"ndition, check, IF( OR(AND(check=TRUE, REGEXMATCH(assign, ""SELF""), job=""暗黒騎士""), AND(check=Option!$G$13, REGEXMATCH(assign, ""SINGLE_PARTY""))), IF( OR(ARRAYFORMULA((IF(precondition="""", FALSE, REGEXMATCH($K$"&"4:$ED$4, precondition))) * (K26:ED26=TRUE))), enhance, IF(barrier="""", buff, barrier) ), 0 ) * SWITCH( job, ""暗黒騎士"", FI$24, ""白魔道士"", EF26 * EH26 * FG26 * IF(abillity, 1, E"&"G26 * EI26) * (Option!$D$22 * 0.81 / 100), ""占星術師"", EF26 * EJ26 * FG26 * IF(abillity, 1, EG26 * EK26) * (Option!$D$23 * 0.81 / 100), ""学者"", EF26 * EL26 * FG26 * IF(abillity, 1, EG26 * EM26) * (Option!$D$24 * 0.81 / 100), ""賢者"&""", EF26 * EN26 * FG26 * IF(abillity, 1, EG26 * EO26) * (Option!$D$25 * 0.81 / 100), 1 ) ) ) ) + EQ26"),0.0) -> 0 | FI26: =MAX(FF26 - FH26, 0) -> 0 | FJ26: =IFERROR(__xludf.DUMMYFUNCTION("PRODUCT( MAP( IF($F26=""Physical"", K$10:ED$10, IF($F26=""Magic"", K$11:ED$11, K$12:ED$12)), IF($F26=""Physical"", K$18:ED$18, IF($F26=""Magic"", K$19:ED$19, K$20:ED$20)), K$3:ED$3, K$5:ED$5, K$17:ED$17, K26:ED26, LAM"&"BDA( mitigation, enhance, job, assign, precondition, check, IF( OR(AND(check=TRUE, REGEXMATCH(assign, ""SELF""), job=""ガンブレイカー""), AND(check=Option!$H$13, REGEXMATCH(assign, ""SINGLE_PARTY""))), "&" IF( OR(ARRAYFORMULA((IF(precondition="""", FALSE, REGEXMATCH($K$4:$ED$4, precondition))) * (K26:ED26=TRUE))), enhance, mitigation ), 1 ) ) ) ) * EE26"),1.0) -> 1 | FK26: =H26 * FJ26 * 0.8 -> 0 | FL26: =IFERROR(__xludf.DUMMYFUNCTION("PRODUCT( MAP( K$3:ED$3, K$14:ED$14, K$13:ED$13, K26:ED26, LAMBDA( job, buff, target, check, IF( OR(AND(check=TRUE, REGEXMATCH(target, ""SELF_AFFECTED_ALL""), job=""ガンブレイカー""), AND(che"&"ck=Option!$H$13, REGEXMATCH(target, ""SINGLE_AFFECTED_ALL""))), buff, 1 ) ) ) )"),1.0) -> 1 | FM26: =IFERROR(__xludf.DUMMYFUNCTION("SUM( MAP( K$3:ED$3, K$7:ED$7, K$15:ED$15, K$16:ED$16, K$21:ED$21, K$5:ED$5, K$17:ED$17, K26:ED26, LAMBDA( job, abillity, buff, barrier, enhance, assign, preco"&"ndition, check, IF( OR(AND(check=TRUE, REGEXMATCH(assign, ""SELF""), job=""ガンブレイカー""), AND(check=Option!$H$13, REGEXMATCH(assign, ""SINGLE_PARTY""))), IF( OR(ARRAYFORMULA((IF(precondition="""", FALSE, REGEXMATCH("&"$K$4:$ED$4, precondition))) * (K26:ED26=TRUE))), enhance, IF(barrier="""", buff, barrier) ), 0 ) * SWITCH( job, ""暗黒騎士"", FN$24, ""白魔道士"", EF26 * EH26 * FL26 * IF(abillity, 1"&", EG26 * EI26) * (Option!$D$22 * 0.81 / 100), ""占星術師"", EF26 * EJ26 * FL26 * IF(abillity, 1, EG26 * EK26) * (Option!$D$23 * 0.81 / 100), ""学者"", EF26 * EL26 * FL26 * IF(abillity, 1, EG26 * EM26) * (Option!$D$24 * 0.81 / 100), """&"賢者"", EF26 * EN26 * FL26 * IF(abillity, 1, EG26 * EO26) * (Option!$D$25 * 0.81 / 100), 1 ) ) ) ) + EQ26"),0.0) -> 0 | FN26: =MAX(FK26 - FM26, 0) -> 0
C27: =IFERROR(C$3+D27, D27) -> -0.00011574074 | D27: -0.00011574074 | E27: =SWITCH(Option!C3, "日本語", "戦闘開始まで10秒", "English", "Battle commencing in 10 seconds!", "Deutsch", "Noch 10 Sekunden!", "Français", "Début du combat dans 10 secondes!", "한국어", "Battle commencing in 10 seconds!", "简体中文", "Battle commencing in 10 seconds!", "戦闘開始まで10秒") -> Battle commencing in 10 seconds! | G27: =SWITCH(F27, "Physical", image("https://xivapi.com/i/060000/060011.png"), "Magic", image("https://xivapi.com/i/060000/060012.png"), "Unique", image("https://xivapi.com/i/060000/060013.png"), "") | K27: FALSE | L27: FALSE | M27: FALSE | N27: - | O27: FALSE | P27: FALSE | Q27: FALSE | R27: FALSE | S27: FALSE | T27: FALSE | U27: FALSE | V27: - | W27: FALSE | X27: FALSE | Y27: FALSE | Z27: FALSE | AA27: FALSE | AB27: FALSE | AC27: FALSE | AD27: FALSE | AE27: - | AF27: - | AG27: =IFERROR(__xludf.DUMMYFUNCTION("IF( ISNUMBER(AG26), MIN(MAX( AG26 + MAX( ROUNDDOWN(($D27 - MAX(IFERROR(FILTER($D$24:$D26, AG$24:AG26 <> AF$6, AG$23:AG25 = AF$6), 0))) * (60 * 60 * 24) / AF$9) - ROUNDDOWN(($D26 - MAX(IFERROR(FILTER($D$23:$D25, AG$23:AG25 <> AF$6, AG$22:"&"AG24 = AF$6), 0))) * (60 * 60 * 24) / 60), 0 ) - COUNTIF(AF27, ""<>-""), 0), AF$6), AF$6 - COUNTIF(AF27, ""<>-"") )"),2.0) -> 2 | AH27: FALSE | AI27: FALSE | AJ27: FALSE | AK27: FALSE | AL27: FALSE | AM27: FALSE | AN27: - | AO27: FALSE | AP27: FALSE | AQ27: FALSE | AR27: FALSE | AS27: FALSE | AT27: FALSE | AU27: FALSE | AV27: FALSE | AW27: FALSE | AX27: FALSE | AY27: - | AZ27: - | BA27: =IFERROR(__xludf.DUMMYFUNCTION("IF( ISNUMBER(BA26), MIN(MAX( BA26 + MAX( ROUNDDOWN((D27 - MAX(IFERROR(FILTER(D$24:D26, BA$24:BA26 <> AZ$6, BA$23:BA25 = AZ$6), 0))) * (60 * 60 * 24) / AZ$9) - ROUNDDOWN((D26 - MAX(IFERROR(FILTER(D$23:D25, BA$23:BA25 <> AZ$6, BA$22:BA24 ="&" AZ$6), 0))) * (60 * 60 * 24) / AZ$9), 0 ) - COUNTIF(AZ27, ""<>-""), 0), AZ$6), AZ$6 - COUNTIF(AZ27, ""<>-"") )"),2.0) -> 2 | BB27: - | BC27: =IFERROR(__xludf.DUMMYFUNCTION("IF( ISNUMBER(BC26), MIN(MAX( BC26 + MAX( ROUNDDOWN(($D27 - MAX(IFERROR(FILTER($D$24:$D26, BC$24:BC26 <> BB$6, BC$23:BC25 = BB$6), 0))) * (60 * 60 * 24) / BB$9) - ROUNDDOWN(($D26 - MAX(IFERROR(FILTER($D$23:$D25, BC$23:BC25 <> BB$6, BC$22:"&"BC24 = BB$6), 0))) * (60 * 60 * 24) / 60), 0 ) - COUNTIF(BB27, ""<>-""), 0), BB$6), BB$6 - COUNTIF(BB27, ""<>-"") )"),2.0) -> 2 | BD27: - | BE27: FALSE | BF27: FALSE | BG27: FALSE | BH27: FALSE | BI27: FALSE | BJ27: FALSE | BK27: FALSE | BL27: FALSE | BM27: FALSE | BN27: FALSE | BO27: - | BP27: - | BQ27: - | BR27: - | BS27: - | BT27: =IFERROR(__xludf.DUMMYFUNCTION("IF( ISNUMBER(BT26), MIN(MAX( BT26 + MAX( ROUNDDOWN((D27 - MAX(IFERROR(FILTER(D$24:D26, BT$24:BT26 <> BS$6, BT$23:BT25 = BS$6), 0))) * (60 * 60 * 24) / BS$9) - ROUNDDOWN((D26 - MAX(IFERROR(FILTER(D$23:D25, BT$23:BT25 <> BS$6, BT$22:BT24 ="&" BS$6), 0))) * (60 * 60 * 24) / BS$9), 0 ) - COUNTIF(BS27, ""<>-""), 0), BS$6), BS$6 - COUNTIF(BS27, ""<>-"") )"),3.0) -> 3 | BU27: - | BV27: - | BW27: =IFERROR(__xludf.DUMMYFUNCTION("IF( ISNUMBER(BW26), MIN(MAX( BW26 + MAX( ROUNDDOWN((D27 - MAX(IFERROR(FILTER(D$24:D26, BW$24:BW26 <> BV$6, BW$23:BW25 = BV$6), 0))) * (60 * 60 * 24) / BV$9) - ROUNDDOWN((D26 - MAX(IFERROR(FILTER(D$23:D25, BW$23:BW25 <> BV$6, BW$22:BW24 ="&" BV$6), 0))) * (60 * 60 * 24) / BV$9), 0 ) - COUNTIF(BV27, ""<>-""), 0), BV$6), BV$6 - COUNTIF(BV27, ""<>-"") )"),2.0) -> 2 | BX27: - | BY27: FALSE | BZ27: FALSE | CA27: FALSE | CB27: FALSE | CC27: FALSE | CD27: FALSE | CE27: FALSE | CF27: FALSE | CG27: FALSE | CH27: FALSE | CI27: FALSE | CJ27: FALSE | CK27: FALSE | CL27: FALSE | CM27: - | CN27: - | CO27: - | CP27: - | CQ27: - | CR27: FALSE | CS27: =SWITCH( IF(OR(AND(CI27, CI26<>TRUE), CR27), 3, IF(ISTEXT(CS26), FIND("◇", CS26&"◇") - 1, 0)) - COUNTIFS({BZ27,CE27}, "=TRUE", {BZ26,CE26}, "<>TRUE") - COUNTIF({CN27,CQ27}, "<>-") + IF(COUNTIFS({BZ27,CE27}, "=TRUE", {BZ26,CE26}, "<>TRUE") + COUNTIF({CN27,CQ27}, "<>-"), COUNTIFS(CJ27, "=TRUE", CJ26, "<>TRUE"), 0), 0, "◇◇◇", 1, "◆◇◇", 2, "◆◆◇", 3, "◆◆◆", "◇◇◇" ) -> ◇◇◇ | CT27: FALSE | CU27: FALSE | CV27: FALSE | CW27: FALSE | CX27: FALSE | CY27: FALSE | CZ27: FALSE | DA27: FALSE | DB27: FALSE | DC27: FALSE | DD27: - | DE27: - | DF27: - | DG27: - | DH27: FALSE | DI27: =IFERROR(__xludf.DUMMYFUNCTION("SWITCH( IF( ISTEXT(DI26), IF ( FIND(""○"", DI26&""○"") > 3, 3, FIND(""○"", DI26&""○"") + MAX( ROUNDDOWN(($D27 - MAX(IFERROR(FILTER(D$24:D26, DI$24:DI26 <> ""●●●"", DI$23:DI25 = ""●●●""), 0))) * (60 * 60 * 24) / 20"&") - ROUNDDOWN(($D26 - MAX(IFERROR(FILTER(D$23:D25, DI$23:DI25 <> ""●●●"", DI$22:DI24 = ""●●●""), 0))) * (60 * 60 * 24) / 20), 0 ) - 1 ) - COUNTIFS(CU27, ""=TRUE"", CU26, ""<>TRUE"") - COUNTIF(CZ27, ""=TRUE"") - COUNTIF({DD27,DE27}, ""<>-"&""") + COUNTIF(DH27, ""=TRUE""), 3 ), 0, ""○○○"", 1, ""●○○"", 2, ""●●○"", 3, ""●●●"", 4, ""●●●"", ""○○○"" )"),"●●●") -> ●●● | DJ27: FALSE | DK27: FALSE | DL27: FALSE | DM27: FALSE | DN27: FALSE | DO27: FALSE | DP27: FALSE | DQ27: FALSE | DR27: FALSE | DS27: FALSE | DT27: FALSE | DU27: FALSE | DV27: - | DW27: FALSE | DX27: FALSE | DY27: FALSE | DZ27: FALSE | EA27: FALSE | EB27: FALSE | EC27: FALSE | ED27: FALSE | EE27: =IFERROR(__xludf.DUMMYFUNCTION("IFERROR( PRODUCT( MAP( INDEX(TRANSPOSE(UNIQUE(TRANSPOSE(FILTER({IF($F27=""Physical"", K$10:ED$10, IF($F27=""Magic"", K$11:ED$11, K$12:ED$12));K$4:ED$4;K27:ED27}, K27:ED27=TRUE)))), 1, 0), INDEX(TRANSPOSE(UNIQUE(TRANSPOSE(FILTER({IF($"&"F27=""Physical"", K$18:ED$18, IF($F27=""Magic"", K$19:ED$19, K$20:ED$20));K$4:ED$4;K27:ED27}, K27:ED27=TRUE)))), 1, 0), INDEX(TRANSPOSE(UNIQUE(TRANSPOSE(FILTER({K$5:ED$5;K$4:ED$4;K27:ED27}, K27:ED27=TRUE)))), 1, 0), INDEX(TRANSPOSE(UNIQUE(TR"&"ANSPOSE(FILTER({K$17:ED$17;K$4:ED$4;K27:ED27}, K27:ED27=TRUE)))), 1, 0), LAMBDA( mitigation, enhance, assign, precondition, IF( REGEXMATCH(assign, ""RANGE_PARTY|SINGLE_ENEMY|RANGE_ENEMY""), "&" IF( OR(ARRAYFORMULA((IF(precondition="""", FALSE, REGEXMATCH(K$4:ED$4, precondition))) * (K27:ED27=TRUE))), IF(ISNUMBER(enhance), enhance, 1), IF(ISNUMBER(mitigation), mitigation, 1) ), "&" 1 ) ) ) ), 1 )"),1.0) -> 1 | EF27: =IFERROR(__xludf.DUMMYFUNCTION("PRODUCT( MAP( K$14:ED$14, K$13:ED$13, K27:ED27, LAMBDA( buff, target, check, IF( AND(check=TRUE, REGEXMATCH(target, ""RANGE_AFFECTED_ALL|RANGE_EFFECTED_ALL""), ISNUMBER(buff)), buff, "&" 1 ) ) ) )"),1.0) -> 1 | EG27: =IFERROR(__xludf.DUMMYFUNCTION("PRODUCT( MAP( K$14:ED$14, K$13:ED$13, K27:ED27, LAMBDA( buff, target, check, IF( AND(check=TRUE, REGEXMATCH(target, ""RANGE_AFFECTED_GCD|RANGE_EFFECTED_GCD""), ISNUMBER(buff)), buff, "&" 1 ) ) ) )"),1.0) -> 1 | EH27: =IFERROR(__xludf.DUMMYFUNCTION("PRODUCT( MAP( K$3:ED$3, K$14:ED$14, K$13:ED$13, K27:ED27, LAMBDA( job, buff, target, check, IF( AND(check=TRUE, REGEXMATCH(target, ""SELF_EFFECTED_ALL""), ISNUMBER(buff), job=""白魔道士"""&"), buff, 1 ) ) ) )"),1.0) -> 1 | EI27: =IFERROR(__xludf.DUMMYFUNCTION("PRODUCT( MAP( K$3:ED$3, K$14:ED$14, K$13:ED$13, K27:ED27, LAMBDA( job, buff, target, check, IF( AND(check=TRUE, REGEXMATCH(target, ""SELF_EFFECTED_GCD""), ISNUMBER(buff), job=""白魔道士"""&"), buff, 1 ) ) ) )"),1.0) -> 1 | EJ27: =IFERROR(__xludf.DUMMYFUNCTION("PRODUCT( MAP( K$3:ED$3, K$14:ED$14, K$13:ED$13, K27:ED27, LAMBDA( job, buff, target, check, IF( AND(check=TRUE, REGEXMATCH(target, ""SELF_EFFECTED_ALL""), ISNUMBER(buff), job=""占星術師"""&"), buff, 1 ) ) ) )"),1.0) -> 1 | EK27: =IFERROR(__xludf.DUMMYFUNCTION("PRODUCT( MAP( K$3:ED$3, K$14:ED$14, K$13:ED$13, K27:ED27, LAMBDA( job, buff, target, check, IF( AND(check=TRUE, REGEXMATCH(target, ""SELF_EFFECTED_GCD""), ISNUMBER(buff), job=""占星術師"""&"), buff, 1 ) ) ) )"),1.0) -> 1 | EL27: =IFERROR(__xludf.DUMMYFUNCTION("PRODUCT( MAP( K$3:ED$3, K$14:ED$14, K$13:ED$13, K27:ED27, LAMBDA( job, buff, target, check, IF( AND(check=TRUE, REGEXMATCH(target, ""SELF_EFFECTED_ALL""), ISNUMBER(buff), job=""学者""),"&" buff, 1 ) ) ) )"),1.0) -> 1 | EM27: =IFERROR(__xludf.DUMMYFUNCTION("PRODUCT( MAP( K$3:ED$3, K$14:ED$14, K$13:ED$13, K27:ED27, LAMBDA( job, buff, target, check, IF( AND(check=TRUE, REGEXMATCH(target, ""SELF_EFFECTED_GCD""), ISNUMBER(buff), job=""学者""),"&" buff, 1 ) ) ) )"),1.0) -> 1 | EN27: =IFERROR(__xludf.DUMMYFUNCTION("PRODUCT( MAP( K$3:ED$3, K$14:ED$14, K$13:ED$13, K27:ED27, LAMBDA( job, buff, target, check, IF( AND(check=TRUE, REGEXMATCH(target, ""SELF_EFFECTED_ALL""), ISNUMBER(buff), job=""賢者""),"&" buff, 1 ) ) ) )"),1.0) -> 1 | EO27: =IFERROR(__xludf.DUMMYFUNCTION("PRODUCT( MAP( K$3:ED$3, K$14:ED$14, K$13:ED$13, K27:ED27, LAMBDA( job, buff, target, check, IF( AND(check=TRUE, REGEXMATCH(target, ""SELF_EFFECTED_GCD""), ISNUMBER(buff), job=""賢者""),"&" buff, 1 ) ) ) )"),1.0) -> 1 | EP27: =H27*EE27 -> 0 | EQ27: =IFERROR(__xludf.DUMMYFUNCTION("SUM( MAP( K$4:ED$4, K$3:ED$3, K$7:ED$7, K$15:ED$15, K$16:ED$16, K$21:ED$21, K$5:ED$5, K$17:ED$17, K27:ED27, LAMBDA( name, job, abillity, buff, barrier, enhance,"&" assign, precondition, check, SWITCH( name, ""シェイクオフ"", IF(check=TRUE, buff + (0.02 * COUNTIF(ARRAYFORMULA((REGEXMATCH($K$4:$ED$4, ""スリル・オブ・バトル|ヴェンジェンス|原初の血気|ダムネーション"")) * (K27:ED27=TRUE)), 1)), 0), "&"""インプロビゼーションフィニッシュ(踊りの激情0)"", IF(ISNUMBER(check), INDEX(Skill!$AJ:$AJ, MATCH(SUBSTITUTE(DV$4, 0, check), Skill!$C:$C, 0)), 0), IF( AND(check=TRUE, REGEXMATCH(assign, ""RANGE_PARTY"")), IF( OR(ARRAYFORMULA((IF(pr"&"econdition="""", FALSE, REGEXMATCH($K$4:$ED$4, precondition))) * (K27:ED27=TRUE))), enhance, IF(barrier="""", buff, barrier) ), 0 ) ) * SWITCH( job, ""ナイト"", EY$24, "&" ""戦士"", FD$24, ""踊り子"", ET$24, ""ピクトマンサー"", ET$24, ""白魔道士"", EF27 * EH27 * IF(abillity, 1, EG27 * EI27) * (Option!$D$22 * 0.81 / 100), ""占星術師"", EF27 * EJ27 * IF(abillity, 1, EG27 * EK27) * (Option!$D$23 * 0.81 "&"/ 100), ""学者"", EF27 * EL27 * IF(abillity, 1, EG27 * EM27) * (Option!$D$24 * 0.81 / 100), ""賢者"", EF27 * EN27 * IF(abillity, 1, EG27 * EO27) * (Option!$D$25 * 0.81 / 100), 1 ) ) ) )"),0.0) -> 0 | ER27: =IF(EP27 < EQ27, 0, EP27 - EQ27) -> 0 | ES27: =I27*J27*EE27 -> 0 | ET27: =IFERROR(__xludf.DUMMYFUNCTION("IFS( EP27 > $ET$24 + EQ27, SPARKLINE({ 1, 0 }, {""charttype"",""bar"";""max"", 1;""color1"",Option!$D$30;""color2"",Option!$D$30}), EP27 < EQ27, SPARKLINE({EQ27 - EP27, $ET$24 - (EQ27 - EP27)}, {""charttype"",""bar"";""max"",$ET$24;""color1"",Opti"&"on!$D$28;""color2"",Option!$D$29}), EP27 >= EQ27, SPARKLINE({$ET$24 + EQ27 - EP27,EP27 - EQ27}, {""charttype"",""bar"";""max"",$ET$24;""color1"",Option!$D$29;""color2"",Option!$D$30}) )"),"") | EU27: =IFERROR(__xludf.DUMMYFUNCTION("PRODUCT( MAP( IF($F27=""Physical"", K$10:ED$10, IF($F27=""Magic"", K$11:ED$11, K$12:ED$12)), IF($F27=""Physical"", K$18:ED$18, IF($F27=""Magic"", K$19:ED$19, K$20:ED$20)), K$3:ED$3, K$5:ED$5, K$17:ED$17, K27:ED27, LAM"&"BDA( mitigation, enhance, job, assign, precondition, check, IF( OR(AND(check=TRUE, REGEXMATCH(assign, ""SELF""), job=""ナイト""), AND(check=Option!$E$13, REGEXMATCH(assign, ""SINGLE_PARTY""))), "&" IF( OR(ARRAYFORMULA((IF(precondition="""", FALSE, REGEXMATCH($K$4:$ED$4, precondition))) * (K27:ED27=TRUE))), enhance, mitigation ), 1 ) ) ) ) * EE27"),1.0) -> 1 | EV27: =H27 * EU27 * 0.8 -> 0 | EW27: =IFERROR(__xludf.DUMMYFUNCTION("PRODUCT( MAP( K$3:ED$3, K$14:ED$14, K$13:ED$13, K27:ED27, LAMBDA( job, buff, target, check, IF( OR(AND(check=TRUE, REGEXMATCH(target, ""SELF_AFFECTED_ALL""), job=""ナイト""), AND(check=O"&"ption!$E$13, REGEXMATCH(target, ""SINGLE_AFFECTED_ALL""))), buff, 1 ) ) ) )"),1.0) -> 1 | EX27: =IFERROR(__xludf.DUMMYFUNCTION("SUM( MAP( K$3:ED$3, K$7:ED$7, K$15:ED$15, K$16:ED$16, K$21:ED$21, K$5:ED$5, K$17:ED$17, K27:ED27, LAMBDA( job, abillity, buff, barrier, enhance, assign, preco"&"ndition, check, IF( OR(AND(check=TRUE, REGEXMATCH(assign, ""SELF""), job=""ナイト""), AND(check=Option!$E$13, REGEXMATCH(assign, ""SINGLE_PARTY""))), IF( OR(ARRAYFORMULA((IF(precondition="""", FALSE, REGEXMATCH($K$4"&":$ED$4, precondition))) * (K27:ED27=TRUE))), enhance, IF(barrier="""", buff, barrier) ), 0 ) * SWITCH( job, ""暗黒騎士"", EY$24, ""白魔道士"", EF27 * EH27 * EW27 * IF(abillity, 1, EG"&"27 * EI27) * (Option!$D$22 * 0.81 / 100), ""占星術師"", EF27 * EJ27 * EW27 * IF(abillity, 1, EG27 * EK27) * (Option!$D$23 * 0.81 / 100), ""学者"", EF27 * EL27 * EW27 * IF(abillity, 1, EG27 * EM27) * (Option!$D$24 * 0.81 / 100), ""賢者"""&", EF27 * EN27 * EW27 * IF(abillity, 1, EG27 * EO27) * (Option!$D$25 * 0.81 / 100), 1 ) ) ) ) + EQ27"),0.0) -> 0 | EY27: =MAX(EV27 - EX27, 0) -> 0 | EZ27: =IFERROR(__xludf.DUMMYFUNCTION("PRODUCT( MAP( IF($F27=""Physical"", K$10:ED$10, IF($F27=""Magic"", K$11:ED$11, K$12:ED$12)), IF($F27=""Physical"", K$18:ED$18, IF($F27=""Magic"", K$19:ED$19, K$20:ED$20)), K$3:ED$3, K$5:ED$5, K$17:ED$17, K27:ED27, LAM"&"BDA( mitigation, enhance, job, assign, precondition, check, IF( OR(AND(check=TRUE, REGEXMATCH(assign, ""SELF""), job=""戦士""), AND(check=Option!$F$13, REGEXMATCH(assign, ""SINGLE_PARTY""))), "&" IF( OR(ARRAYFORMULA((IF(precondition="""", FALSE, REGEXMATCH($K$4:$ED$4, precondition))) * (K27:ED27=TRUE))), enhance, mitigation ), 1 ) ) ) ) * EE27"),1.0) -> 1 | FA27: =H27 * EZ27 * 0.8 -> 0 | FB27: =IFERROR(__xludf.DUMMYFUNCTION("PRODUCT( MAP( K$3:ED$3, K$14:ED$14, K$13:ED$13, K27:ED27, LAMBDA( job, buff, target, check, IF( OR(AND(check=TRUE, REGEXMATCH(target, ""SELF_AFFECTED_ALL""), job=""戦士""), AND(check=Op"&"tion!$F$13, REGEXMATCH(target, ""SINGLE_AFFECTED_ALL""))), buff, 1 ) ) ) )"),1.0) -> 1 | FC27: =IFERROR(__xludf.DUMMYFUNCTION("SUM( MAP( K$3:ED$3, K$7:ED$7, K$15:ED$15, K$16:ED$16, K$21:ED$21, K$5:ED$5, K$17:ED$17, K27:ED27, LAMBDA( job, abillity, buff, barrier, enhance, assign, preco"&"ndition, check, IF( OR(AND(check=TRUE, REGEXMATCH(assign, ""SELF""), job=""戦士""), AND(check=Option!$F$13, REGEXMATCH(assign, ""SINGLE_PARTY""))), IF( OR(ARRAYFORMULA((IF(precondition="""", FALSE, REGEXMATCH($K$4:"&"$ED$4, precondition))) * (K27:ED27=TRUE))), enhance, IF(barrier="""", buff, barrier) ), 0 ) * SWITCH( job, ""暗黒騎士"", FD$24, ""白魔道士"", EF27 * EH27 * FB27 * IF(abillity, 1, EG2"&"7 * EI27) * (Option!$D$22 * 0.81 / 100), ""占星術師"", EF27 * EJ27 * FFB27 * IF(abillity, 1, EG27 * EK27) * (Option!$D$23 * 0.81 / 100), ""学者"", EF27 * EL27 * FB27 * IF(abillity, 1, EG27 * EM27) * (Option!$D$24 * 0.81 / 100), ""賢者"""&", EF27 * EN27 * FB27 * IF(abillity, 1, EG27 * EO27) * (Option!$D$25 * 0.81 / 100), 1 ) ) ) ) + EQ27"),0.0) -> 0 | FD27: =MAX(FA27 - FC27, 0) -> 0 | FE27: =IFERROR(__xludf.DUMMYFUNCTION("PRODUCT( MAP( IF($F27=""Physical"", K$10:ED$10, IF($F27=""Magic"", K$11:ED$11, K$12:ED$12)), IF($F27=""Physical"", K$18:ED$18, IF($F27=""Magic"", K$19:ED$19, K$20:ED$20)), K$3:ED$3, K$5:ED$5, K$17:ED$17, K27:ED27, LAM"&"BDA( mitigation, enhance, job, assign, precondition, check, IF( OR(AND(check=TRUE, REGEXMATCH(assign, ""SELF""), job=""暗黒騎士""), AND(check=Option!$G$13, REGEXMATCH(assign, ""SINGLE_PARTY""))), "&" IF( OR(ARRAYFORMULA((IF(precondition="""", FALSE, REGEXMATCH($K$4:$ED$4, precondition))) * (K27:ED27=TRUE))), enhance, mitigation ), 1 ) ) ) ) * EE27"),1.0) -> 1 | FF27: =H27 * FE27 * 0.8 -> 0 | FG27: =IFERROR(__xludf.DUMMYFUNCTION("PRODUCT( MAP( K$3:ED$3, K$14:ED$14, K$13:ED$13, K27:ED27, LAMBDA( job, buff, target, check, IF( OR(AND(check=TRUE, REGEXMATCH(target, ""SELF_AFFECTED_ALL""), job=""暗黒騎士""), AND(check="&"Option!$G$13, REGEXMATCH(target, ""SINGLE_AFFECTED_ALL""))), buff, 1 ) ) ) )"),1.0) -> 1 | FH27: =IFERROR(__xludf.DUMMYFUNCTION("SUM( MAP( K$3:ED$3, K$7:ED$7, K$15:ED$15, K$16:ED$16, K$21:ED$21, K$5:ED$5, K$17:ED$17, K27:ED27, LAMBDA( job, abillity, buff, barrier, enhance, assign, preco"&"ndition, check, IF( OR(AND(check=TRUE, REGEXMATCH(assign, ""SELF""), job=""暗黒騎士""), AND(check=Option!$G$13, REGEXMATCH(assign, ""SINGLE_PARTY""))), IF( OR(ARRAYFORMULA((IF(precondition="""", FALSE, REGEXMATCH($K$"&"4:$ED$4, precondition))) * (K27:ED27=TRUE))), enhance, IF(barrier="""", buff, barrier) ), 0 ) * SWITCH( job, ""暗黒騎士"", FI$24, ""白魔道士"", EF27 * EH27 * FG27 * IF(abillity, 1, E"&"G27 * EI27) * (Option!$D$22 * 0.81 / 100), ""占星術師"", EF27 * EJ27 * FG27 * IF(abillity, 1, EG27 * EK27) * (Option!$D$23 * 0.81 / 100), ""学者"", EF27 * EL27 * FG27 * IF(abillity, 1, EG27 * EM27) * (Option!$D$24 * 0.81 / 100), ""賢者"&""", EF27 * EN27 * FG27 * IF(abillity, 1, EG27 * EO27) * (Option!$D$25 * 0.81 / 100), 1 ) ) ) ) + EQ27"),0.0) -> 0 | FI27: =MAX(FF27 - FH27, 0) -> 0 | FJ27: =IFERROR(__xludf.DUMMYFUNCTION("PRODUCT( MAP( IF($F27=""Physical"", K$10:ED$10, IF($F27=""Magic"", K$11:ED$11, K$12:ED$12)), IF($F27=""Physical"", K$18:ED$18, IF($F27=""Magic"", K$19:ED$19, K$20:ED$20)), K$3:ED$3, K$5:ED$5, K$17:ED$17, K27:ED27, LAM"&"BDA( mitigation, enhance, job, assign, precondition, check, IF( OR(AND(check=TRUE, REGEXMATCH(assign, ""SELF""), job=""ガンブレイカー""), AND(check=Option!$H$13, REGEXMATCH(assign, ""SINGLE_PARTY""))), "&" IF( OR(ARRAYFORMULA((IF(precondition="""", FALSE, REGEXMATCH($K$4:$ED$4, precondition))) * (K27:ED27=TRUE))), enhance, mitigation ), 1 ) ) ) ) * EE27"),1.0) -> 1 | FK27: =H27 * FJ27 * 0.8 -> 0 | FL27: =IFERROR(__xludf.DUMMYFUNCTION("PRODUCT( MAP( K$3:ED$3, K$14:ED$14, K$13:ED$13, K27:ED27, LAMBDA( job, buff, target, check, IF( OR(AND(check=TRUE, REGEXMATCH(target, ""SELF_AFFECTED_ALL""), job=""ガンブレイカー""), AND(che"&"ck=Option!$H$13, REGEXMATCH(target, ""SINGLE_AFFECTED_ALL""))), buff, 1 ) ) ) )"),1.0) -> 1 | FM27: =IFERROR(__xludf.DUMMYFUNCTION("SUM( MAP( K$3:ED$3, K$7:ED$7, K$15:ED$15, K$16:ED$16, K$21:ED$21, K$5:ED$5, K$17:ED$17, K27:ED27, LAMBDA( job, abillity, buff, barrier, enhance, assign, preco"&"ndition, check, IF( OR(AND(check=TRUE, REGEXMATCH(assign, ""SELF""), job=""ガンブレイカー""), AND(check=Option!$H$13, REGEXMATCH(assign, ""SINGLE_PARTY""))), IF( OR(ARRAYFORMULA((IF(precondition="""", FALSE, REGEXMATCH("&"$K$4:$ED$4, precondition))) * (K27:ED27=TRUE))), enhance, IF(barrier="""", buff, barrier) ), 0 ) * SWITCH( job, ""暗黒騎士"", FN$24, ""白魔道士"", EF27 * EH27 * FL27 * IF(abillity, 1"&", EG27 * EI27) * (Option!$D$22 * 0.81 / 100), ""占星術師"", EF27 * EJ27 * FL27 * IF(abillity, 1, EG27 * EK27) * (Option!$D$23 * 0.81 / 100), ""学者"", EF27 * EL27 * FL27 * IF(abillity, 1, EG27 * EM27) * (Option!$D$24 * 0.81 / 100), """&"賢者"", EF27 * EN27 * FL27 * IF(abillity, 1, EG27 * EO27) * (Option!$D$25 * 0.81 / 100), 1 ) ) ) ) + EQ27"),0.0) -> 0 | FN27: =MAX(FK27 - FM27, 0) -> 0
C28: =IFERROR(C$3+D28, D28) -> -5.787037e-05 | D28: -5.787037e-05 | E28: =SWITCH(Option!C3, "日本語", "戦闘開始まで5秒", "English", "Battle commencing in 5 seconds!", "Deutsch", "Noch 5 Sekunden!", "Français", "Début du combat dans 5 secondes!", "한국어", "Battle commencing in 5 seconds!", "简体中文", "Battle commencing in 5 seconds!", "戦闘開始まで5秒") -> Battle commencing in 5 seconds! | G28: =SWITCH(F28, "Physical", image("https://xivapi.com/i/060000/060011.png"), "Magic", image("https://xivapi.com/i/060000/060012.png"), "Unique", image("https://xivapi.com/i/060000/060013.png"), "") | K28: FALSE | L28: FALSE | M28: FALSE | N28: - | O28: FALSE | P28: FALSE | Q28: FALSE | R28: FALSE | S28: FALSE | T28: FALSE | U28: FALSE | V28: - | W28: FALSE | X28: FALSE | Y28: FALSE | Z28: FALSE | AA28: FALSE | AB28: FALSE | AC28: FALSE | AD28: FALSE | AE28: - | AF28: - | AG28: =IFERROR(__xludf.DUMMYFUNCTION("IF( ISNUMBER(AG27), MIN(MAX( AG27 + MAX( ROUNDDOWN(($D28 - MAX(IFERROR(FILTER($D$24:$D27, AG$24:AG27 <> AF$6, AG$23:AG26 = AF$6), 0))) * (60 * 60 * 24) / AF$9) - ROUNDDOWN(($D27 - MAX(IFERROR(FILTER($D$23:$D26, AG$23:AG26 <> AF$6, AG$22:"&"AG25 = AF$6), 0))) * (60 * 60 * 24) / 60), 0 ) - COUNTIF(AF28, ""<>-""), 0), AF$6), AF$6 - COUNTIF(AF28, ""<>-"") )"),2.0) -> 2 | AH28: FALSE | AI28: FALSE | AJ28: FALSE | AK28: FALSE | AL28: FALSE | AM28: FALSE | AN28: - | AO28: FALSE | AP28: FALSE | AQ28: FALSE | AR28: FALSE | AS28: FALSE | AT28: FALSE | AU28: FALSE | AV28: FALSE | AW28: FALSE | AX28: FALSE | AY28: - | AZ28: - | BA28: =IFERROR(__xludf.DUMMYFUNCTION("IF( ISNUMBER(BA27), MIN(MAX( BA27 + MAX( ROUNDDOWN((D28 - MAX(IFERROR(FILTER(D$24:D27, BA$24:BA27 <> AZ$6, BA$23:BA26 = AZ$6), 0))) * (60 * 60 * 24) / AZ$9) - ROUNDDOWN((D27 - MAX(IFERROR(FILTER(D$23:D26, BA$23:BA26 <> AZ$6, BA$22:BA25 ="&" AZ$6), 0))) * (60 * 60 * 24) / AZ$9), 0 ) - COUNTIF(AZ28, ""<>-""), 0), AZ$6), AZ$6 - COUNTIF(AZ28, ""<>-"") )"),2.0) -> 2 | BB28: - | BC28: =IFERROR(__xludf.DUMMYFUNCTION("IF( ISNUMBER(BC27), MIN(MAX( BC27 + MAX( ROUNDDOWN(($D28 - MAX(IFERROR(FILTER($D$24:$D27, BC$24:BC27 <> BB$6, BC$23:BC26 = BB$6), 0))) * (60 * 60 * 24) / BB$9) - ROUNDDOWN(($D27 - MAX(IFERROR(FILTER($D$23:$D26, BC$23:BC26 <> BB$6, BC$22:"&"BC25 = BB$6), 0))) * (60 * 60 * 24) / 60), 0 ) - COUNTIF(BB28, ""<>-""), 0), BB$6), BB$6 - COUNTIF(BB28, ""<>-"") )"),2.0) -> 2 | BD28: - | BE28: FALSE | BF28: FALSE | BG28: FALSE | BH28: FALSE | BI28: FALSE | BJ28: FALSE | BK28: FALSE | BL28: FALSE | BM28: FALSE | BN28: FALSE | BO28: - | BP28: - | BQ28: - | BR28: - | BS28: - | BT28: =IFERROR(__xludf.DUMMYFUNCTION("IF( ISNUMBER(BT27), MIN(MAX( BT27 + MAX( ROUNDDOWN((D28 - MAX(IFERROR(FILTER(D$24:D27, BT$24:BT27 <> BS$6, BT$23:BT26 = BS$6), 0))) * (60 * 60 * 24) / BS$9) - ROUNDDOWN((D27 - MAX(IFERROR(FILTER(D$23:D26, BT$23:BT26 <> BS$6, BT$22:BT25 ="&" BS$6), 0))) * (60 * 60 * 24) / BS$9), 0 ) - COUNTIF(BS28, ""<>-""), 0), BS$6), BS$6 - COUNTIF(BS28, ""<>-"") )"),3.0) -> 3 | BU28: - | BV28: - | BW28: =IFERROR(__xludf.DUMMYFUNCTION("IF( ISNUMBER(BW27), MIN(MAX( BW27 + MAX( ROUNDDOWN((D28 - MAX(IFERROR(FILTER(D$24:D27, BW$24:BW27 <> BV$6, BW$23:BW26 = BV$6), 0))) * (60 * 60 * 24) / BV$9) - ROUNDDOWN((D27 - MAX(IFERROR(FILTER(D$23:D26, BW$23:BW26 <> BV$6, BW$22:BW25 ="&" BV$6), 0))) * (60 * 60 * 24) / BV$9), 0 ) - COUNTIF(BV28, ""<>-""), 0), BV$6), BV$6 - COUNTIF(BV28, ""<>-"") )"),2.0) -> 2 | BX28: - | BY28: FALSE | BZ28: FALSE | CA28: FALSE | CB28: FALSE | CC28: FALSE | CD28: FALSE | CE28: FALSE | CF28: FALSE | CG28: FALSE | CH28: FALSE | CI28: FALSE | CJ28: FALSE | CK28: FALSE | CL28: FALSE | CM28: - | CN28: - | CO28: - | CP28: - | CQ28: - | CR28: FALSE | CS28: =SWITCH( IF(OR(AND(CI28, CI27<>TRUE), CR28), 3, IF(ISTEXT(CS27), FIND("◇", CS27&"◇") - 1, 0)) - COUNTIFS({BZ28,CE28}, "=TRUE", {BZ27,CE27}, "<>TRUE") - COUNTIF({CN28,CQ28}, "<>-") + IF(COUNTIFS({BZ28,CE28}, "=TRUE", {BZ27,CE27}, "<>TRUE") + COUNTIF({CN28,CQ28}, "<>-"), COUNTIFS(CJ28, "=TRUE", CJ27, "<>TRUE"), 0), 0, "◇◇◇", 1, "◆◇◇", 2, "◆◆◇", 3, "◆◆◆", "◇◇◇" ) -> ◇◇◇ | CT28: FALSE | CU28: FALSE | CV28: FALSE | CW28: FALSE | CX28: FALSE | CY28: FALSE | CZ28: FALSE | DA28: FALSE | DB28: FALSE | DC28: FALSE | DD28: - | DE28: - | DF28: - | DG28: - | DH28: FALSE | DI28: =IFERROR(__xludf.DUMMYFUNCTION("SWITCH( IF( ISTEXT(DI27), IF ( FIND(""○"", DI27&""○"") > 3, 3, FIND(""○"", DI27&""○"") + MAX( ROUNDDOWN(($D28 - MAX(IFERROR(FILTER(D$24:D27, DI$24:DI27 <> ""●●●"", DI$23:DI26 = ""●●●""), 0))) * (60 * 60 * 24) / 20"&") - ROUNDDOWN(($D27 - MAX(IFERROR(FILTER(D$23:D26, DI$23:DI26 <> ""●●●"", DI$22:DI25 = ""●●●""), 0))) * (60 * 60 * 24) / 20), 0 ) - 1 ) - COUNTIFS(CU28, ""=TRUE"", CU27, ""<>TRUE"") - COUNTIF(CZ28, ""=TRUE"") - COUNTIF({DD28,DE28}, ""<>-"&""") + COUNTIF(DH28, ""=TRUE""), 3 ), 0, ""○○○"", 1, ""●○○"", 2, ""●●○"", 3, ""●●●"", 4, ""●●●"", ""○○○"" )"),"●●●") -> ●●● | DJ28: FALSE | DK28: FALSE | DL28: FALSE | DM28: FALSE | DN28: FALSE | DO28: FALSE | DP28: FALSE | DQ28: FALSE | DR28: FALSE | DS28: FALSE | DT28: FALSE | DU28: FALSE | DV28: - | DW28: FALSE | DX28: FALSE | DY28: FALSE | DZ28: FALSE | EA28: FALSE | EB28: FALSE | EC28: FALSE | ED28: FALSE | EE28: =IFERROR(__xludf.DUMMYFUNCTION("IFERROR( PRODUCT( MAP( INDEX(TRANSPOSE(UNIQUE(TRANSPOSE(FILTER({IF($F28=""Physical"", K$10:ED$10, IF($F28=""Magic"", K$11:ED$11, K$12:ED$12));K$4:ED$4;K28:ED28}, K28:ED28=TRUE)))), 1, 0), INDEX(TRANSPOSE(UNIQUE(TRANSPOSE(FILTER({IF($"&"F28=""Physical"", K$18:ED$18, IF($F28=""Magic"", K$19:ED$19, K$20:ED$20));K$4:ED$4;K28:ED28}, K28:ED28=TRUE)))), 1, 0), INDEX(TRANSPOSE(UNIQUE(TRANSPOSE(FILTER({K$5:ED$5;K$4:ED$4;K28:ED28}, K28:ED28=TRUE)))), 1, 0), INDEX(TRANSPOSE(UNIQUE(TR"&"ANSPOSE(FILTER({K$17:ED$17;K$4:ED$4;K28:ED28}, K28:ED28=TRUE)))), 1, 0), LAMBDA( mitigation, enhance, assign, precondition, IF( REGEXMATCH(assign, ""RANGE_PARTY|SINGLE_ENEMY|RANGE_ENEMY""), "&" IF( OR(ARRAYFORMULA((IF(precondition="""", FALSE, REGEXMATCH(K$4:ED$4, precondition))) * (K28:ED28=TRUE))), IF(ISNUMBER(enhance), enhance, 1), IF(ISNUMBER(mitigation), mitigation, 1) ), "&" 1 ) ) ) ), 1 )"),1.0) -> 1 | EF28: =IFERROR(__xludf.DUMMYFUNCTION("PRODUCT( MAP( K$14:ED$14, K$13:ED$13, K28:ED28, LAMBDA( buff, target, check, IF( AND(check=TRUE, REGEXMATCH(target, ""RANGE_AFFECTED_ALL|RANGE_EFFECTED_ALL""), ISNUMBER(buff)), buff, "&" 1 ) ) ) )"),1.0) -> 1 | EG28: =IFERROR(__xludf.DUMMYFUNCTION("PRODUCT( MAP( K$14:ED$14, K$13:ED$13, K28:ED28, LAMBDA( buff, target, check, IF( AND(check=TRUE, REGEXMATCH(target, ""RANGE_AFFECTED_GCD|RANGE_EFFECTED_GCD""), ISNUMBER(buff)), buff, "&" 1 ) ) ) )"),1.0) -> 1 | EH28: =IFERROR(__xludf.DUMMYFUNCTION("PRODUCT( MAP( K$3:ED$3, K$14:ED$14, K$13:ED$13, K28:ED28, LAMBDA( job, buff, target, check, IF( AND(check=TRUE, REGEXMATCH(target, ""SELF_EFFECTED_ALL""), ISNUMBER(buff), job=""白魔道士"""&"), buff, 1 ) ) ) )"),1.0) -> 1 | EI28: =IFERROR(__xludf.DUMMYFUNCTION("PRODUCT( MAP( K$3:ED$3, K$14:ED$14, K$13:ED$13, K28:ED28, LAMBDA( job, buff, target, check, IF( AND(check=TRUE, REGEXMATCH(target, ""SELF_EFFECTED_GCD""), ISNUMBER(buff), job=""白魔道士"""&"), buff, 1 ) ) ) )"),1.0) -> 1 | EJ28: =IFERROR(__xludf.DUMMYFUNCTION("PRODUCT( MAP( K$3:ED$3, K$14:ED$14, K$13:ED$13, K28:ED28, LAMBDA( job, buff, target, check, IF( AND(check=TRUE, REGEXMATCH(target, ""SELF_EFFECTED_ALL""), ISNUMBER(buff), job=""占星術師"""&"), buff, 1 ) ) ) )"),1.0) -> 1 | EK28: =IFERROR(__xludf.DUMMYFUNCTION("PRODUCT( MAP( K$3:ED$3, K$14:ED$14, K$13:ED$13, K28:ED28, LAMBDA( job, buff, target, check, IF( AND(check=TRUE, REGEXMATCH(target, ""SELF_EFFECTED_GCD""), ISNUMBER(buff), job=""占星術師"""&"), buff, 1 ) ) ) )"),1.0) -> 1 | EL28: =IFERROR(__xludf.DUMMYFUNCTION("PRODUCT( MAP( K$3:ED$3, K$14:ED$14, K$13:ED$13, K28:ED28, LAMBDA( job, buff, target, check, IF( AND(check=TRUE, REGEXMATCH(target, ""SELF_EFFECTED_ALL""), ISNUMBER(buff), job=""学者""),"&" buff, 1 ) ) ) )"),1.0) -> 1 | EM28: =IFERROR(__xludf.DUMMYFUNCTION("PRODUCT( MAP( K$3:ED$3, K$14:ED$14, K$13:ED$13, K28:ED28, LAMBDA( job, buff, target, check, IF( AND(check=TRUE, REGEXMATCH(target, ""SELF_EFFECTED_GCD""), ISNUMBER(buff), job=""学者""),"&" buff, 1 ) ) ) )"),1.0) -> 1 | EN28: =IFERROR(__xludf.DUMMYFUNCTION("PRODUCT( MAP( K$3:ED$3, K$14:ED$14, K$13:ED$13, K28:ED28, LAMBDA( job, buff, target, check, IF( AND(check=TRUE, REGEXMATCH(target, ""SELF_EFFECTED_ALL""), ISNUMBER(buff), job=""賢者""),"&" buff, 1 ) ) ) )"),1.0) -> 1 | EO28: =IFERROR(__xludf.DUMMYFUNCTION("PRODUCT( MAP( K$3:ED$3, K$14:ED$14, K$13:ED$13, K28:ED28, LAMBDA( job, buff, target, check, IF( AND(check=TRUE, REGEXMATCH(target, ""SELF_EFFECTED_GCD""), ISNUMBER(buff), job=""賢者""),"&" buff, 1 ) ) ) )"),1.0) -> 1 | EP28: =H28*EE28 -> 0 | EQ28: =IFERROR(__xludf.DUMMYFUNCTION("SUM( MAP( K$4:ED$4, K$3:ED$3, K$7:ED$7, K$15:ED$15, K$16:ED$16, K$21:ED$21, K$5:ED$5, K$17:ED$17, K28:ED28, LAMBDA( name, job, abillity, buff, barrier, enhance,"&" assign, precondition, check, SWITCH( name, ""シェイクオフ"", IF(check=TRUE, buff + (0.02 * COUNTIF(ARRAYFORMULA((REGEXMATCH($K$4:$ED$4, ""スリル・オブ・バトル|ヴェンジェンス|原初の血気|ダムネーション"")) * (K28:ED28=TRUE)), 1)), 0), "&"""インプロビゼーションフィニッシュ(踊りの激情0)"", IF(ISNUMBER(check), INDEX(Skill!$AJ:$AJ, MATCH(SUBSTITUTE(DV$4, 0, check), Skill!$C:$C, 0)), 0), IF( AND(check=TRUE, REGEXMATCH(assign, ""RANGE_PARTY"")), IF( OR(ARRAYFORMULA((IF(pr"&"econdition="""", FALSE, REGEXMATCH($K$4:$ED$4, precondition))) * (K28:ED28=TRUE))), enhance, IF(barrier="""", buff, barrier) ), 0 ) ) * SWITCH( job, ""ナイト"", EY$24, "&" ""戦士"", FD$24, ""踊り子"", ET$24, ""ピクトマンサー"", ET$24, ""白魔道士"", EF28 * EH28 * IF(abillity, 1, EG28 * EI28) * (Option!$D$22 * 0.81 / 100), ""占星術師"", EF28 * EJ28 * IF(abillity, 1, EG28 * EK28) * (Option!$D$23 * 0.81 "&"/ 100), ""学者"", EF28 * EL28 * IF(abillity, 1, EG28 * EM28) * (Option!$D$24 * 0.81 / 100), ""賢者"", EF28 * EN28 * IF(abillity, 1, EG28 * EO28) * (Option!$D$25 * 0.81 / 100), 1 ) ) ) )"),0.0) -> 0 | ER28: =IF(EP28 < EQ28, 0, EP28 - EQ28) -> 0 | ES28: =I28*J28*EE28 -> 0 | ET28: =IFERROR(__xludf.DUMMYFUNCTION("IFS( EP28 > $ET$24 + EQ28, SPARKLINE({ 1, 0 }, {""charttype"",""bar"";""max"", 1;""color1"",Option!$D$30;""color2"",Option!$D$30}), EP28 < EQ28, SPARKLINE({EQ28 - EP28, $ET$24 - (EQ28 - EP28)}, {""charttype"",""bar"";""max"",$ET$24;""color1"",Opti"&"on!$D$28;""color2"",Option!$D$29}), EP28 >= EQ28, SPARKLINE({$ET$24 + EQ28 - EP28,EP28 - EQ28}, {""charttype"",""bar"";""max"",$ET$24;""color1"",Option!$D$29;""color2"",Option!$D$30}) )"),"") | EU28: =IFERROR(__xludf.DUMMYFUNCTION("PRODUCT( MAP( IF($F28=""Physical"", K$10:ED$10, IF($F28=""Magic"", K$11:ED$11, K$12:ED$12)), IF($F28=""Physical"", K$18:ED$18, IF($F28=""Magic"", K$19:ED$19, K$20:ED$20)), K$3:ED$3, K$5:ED$5, K$17:ED$17, K28:ED28, LAM"&"BDA( mitigation, enhance, job, assign, precondition, check, IF( OR(AND(check=TRUE, REGEXMATCH(assign, ""SELF""), job=""ナイト""), AND(check=Option!$E$13, REGEXMATCH(assign, ""SINGLE_PARTY""))), "&" IF( OR(ARRAYFORMULA((IF(precondition="""", FALSE, REGEXMATCH($K$4:$ED$4, precondition))) * (K28:ED28=TRUE))), enhance, mitigation ), 1 ) ) ) ) * EE28"),1.0) -> 1 | EV28: =H28 * EU28 * 0.8 -> 0 | EW28: =IFERROR(__xludf.DUMMYFUNCTION("PRODUCT( MAP( K$3:ED$3, K$14:ED$14, K$13:ED$13, K28:ED28, LAMBDA( job, buff, target, check, IF( OR(AND(check=TRUE, REGEXMATCH(target, ""SELF_AFFECTED_ALL""), job=""ナイト""), AND(check=O"&"ption!$E$13, REGEXMATCH(target, ""SINGLE_AFFECTED_ALL""))), buff, 1 ) ) ) )"),1.0) -> 1 | EX28: =IFERROR(__xludf.DUMMYFUNCTION("SUM( MAP( K$3:ED$3, K$7:ED$7, K$15:ED$15, K$16:ED$16, K$21:ED$21, K$5:ED$5, K$17:ED$17, K28:ED28, LAMBDA( job, abillity, buff, barrier, enhance, assign, preco"&"ndition, check, IF( OR(AND(check=TRUE, REGEXMATCH(assign, ""SELF""), job=""ナイト""), AND(check=Option!$E$13, REGEXMATCH(assign, ""SINGLE_PARTY""))), IF( OR(ARRAYFORMULA((IF(precondition="""", FALSE, REGEXMATCH($K$4"&":$ED$4, precondition))) * (K28:ED28=TRUE))), enhance, IF(barrier="""", buff, barrier) ), 0 ) * SWITCH( job, ""暗黒騎士"", EY$24, ""白魔道士"", EF28 * EH28 * EW28 * IF(abillity, 1, EG"&"28 * EI28) * (Option!$D$22 * 0.81 / 100), ""占星術師"", EF28 * EJ28 * EW28 * IF(abillity, 1, EG28 * EK28) * (Option!$D$23 * 0.81 / 100), ""学者"", EF28 * EL28 * EW28 * IF(abillity, 1, EG28 * EM28) * (Option!$D$24 * 0.81 / 100), ""賢者"""&", EF28 * EN28 * EW28 * IF(abillity, 1, EG28 * EO28) * (Option!$D$25 * 0.81 / 100), 1 ) ) ) ) + EQ28"),0.0) -> 0 | EY28: =MAX(EV28 - EX28, 0) -> 0 | EZ28: =IFERROR(__xludf.DUMMYFUNCTION("PRODUCT( MAP( IF($F28=""Physical"", K$10:ED$10, IF($F28=""Magic"", K$11:ED$11, K$12:ED$12)), IF($F28=""Physical"", K$18:ED$18, IF($F28=""Magic"", K$19:ED$19, K$20:ED$20)), K$3:ED$3, K$5:ED$5, K$17:ED$17, K28:ED28, LAM"&"BDA( mitigation, enhance, job, assign, precondition, check, IF( OR(AND(check=TRUE, REGEXMATCH(assign, ""SELF""), job=""戦士""), AND(check=Option!$F$13, REGEXMATCH(assign, ""SINGLE_PARTY""))), "&" IF( OR(ARRAYFORMULA((IF(precondition="""", FALSE, REGEXMATCH($K$4:$ED$4, precondition))) * (K28:ED28=TRUE))), enhance, mitigation ), 1 ) ) ) ) * EE28"),1.0) -> 1 | FA28: =H28 * EZ28 * 0.8 -> 0 | FB28: =IFERROR(__xludf.DUMMYFUNCTION("PRODUCT( MAP( K$3:ED$3, K$14:ED$14, K$13:ED$13, K28:ED28, LAMBDA( job, buff, target, check, IF( OR(AND(check=TRUE, REGEXMATCH(target, ""SELF_AFFECTED_ALL""), job=""戦士""), AND(check=Op"&"tion!$F$13, REGEXMATCH(target, ""SINGLE_AFFECTED_ALL""))), buff, 1 ) ) ) )"),1.0) -> 1 | FC28: =IFERROR(__xludf.DUMMYFUNCTION("SUM( MAP( K$3:ED$3, K$7:ED$7, K$15:ED$15, K$16:ED$16, K$21:ED$21, K$5:ED$5, K$17:ED$17, K28:ED28, LAMBDA( job, abillity, buff, barrier, enhance, assign, preco"&"ndition, check, IF( OR(AND(check=TRUE, REGEXMATCH(assign, ""SELF""), job=""戦士""), AND(check=Option!$F$13, REGEXMATCH(assign, ""SINGLE_PARTY""))), IF( OR(ARRAYFORMULA((IF(precondition="""", FALSE, REGEXMATCH($K$4:"&"$ED$4, precondition))) * (K28:ED28=TRUE))), enhance, IF(barrier="""", buff, barrier) ), 0 ) * SWITCH( job, ""暗黒騎士"", FD$24, ""白魔道士"", EF28 * EH28 * FB28 * IF(abillity, 1, EG2"&"8 * EI28) * (Option!$D$22 * 0.81 / 100), ""占星術師"", EF28 * EJ28 * FFB28 * IF(abillity, 1, EG28 * EK28) * (Option!$D$23 * 0.81 / 100), ""学者"", EF28 * EL28 * FB28 * IF(abillity, 1, EG28 * EM28) * (Option!$D$24 * 0.81 / 100), ""賢者"""&", EF28 * EN28 * FB28 * IF(abillity, 1, EG28 * EO28) * (Option!$D$25 * 0.81 / 100), 1 ) ) ) ) + EQ28"),0.0) -> 0 | FD28: =MAX(FA28 - FC28, 0) -> 0 | FE28: =IFERROR(__xludf.DUMMYFUNCTION("PRODUCT( MAP( IF($F28=""Physical"", K$10:ED$10, IF($F28=""Magic"", K$11:ED$11, K$12:ED$12)), IF($F28=""Physical"", K$18:ED$18, IF($F28=""Magic"", K$19:ED$19, K$20:ED$20)), K$3:ED$3, K$5:ED$5, K$17:ED$17, K28:ED28, LAM"&"BDA( mitigation, enhance, job, assign, precondition, check, IF( OR(AND(check=TRUE, REGEXMATCH(assign, ""SELF""), job=""暗黒騎士""), AND(check=Option!$G$13, REGEXMATCH(assign, ""SINGLE_PARTY""))), "&" IF( OR(ARRAYFORMULA((IF(precondition="""", FALSE, REGEXMATCH($K$4:$ED$4, precondition))) * (K28:ED28=TRUE))), enhance, mitigation ), 1 ) ) ) ) * EE28"),1.0) -> 1 | FF28: =H28 * FE28 * 0.8 -> 0 | FG28: =IFERROR(__xludf.DUMMYFUNCTION("PRODUCT( MAP( K$3:ED$3, K$14:ED$14, K$13:ED$13, K28:ED28, LAMBDA( job, buff, target, check, IF( OR(AND(check=TRUE, REGEXMATCH(target, ""SELF_AFFECTED_ALL""), job=""暗黒騎士""), AND(check="&"Option!$G$13, REGEXMATCH(target, ""SINGLE_AFFECTED_ALL""))), buff, 1 ) ) ) )"),1.0) -> 1 | FH28: =IFERROR(__xludf.DUMMYFUNCTION("SUM( MAP( K$3:ED$3, K$7:ED$7, K$15:ED$15, K$16:ED$16, K$21:ED$21, K$5:ED$5, K$17:ED$17, K28:ED28, LAMBDA( job, abillity, buff, barrier, enhance, assign, preco"&"ndition, check, IF( OR(AND(check=TRUE, REGEXMATCH(assign, ""SELF""), job=""暗黒騎士""), AND(check=Option!$G$13, REGEXMATCH(assign, ""SINGLE_PARTY""))), IF( OR(ARRAYFORMULA((IF(precondition="""", FALSE, REGEXMATCH($K$"&"4:$ED$4, precondition))) * (K28:ED28=TRUE))), enhance, IF(barrier="""", buff, barrier) ), 0 ) * SWITCH( job, ""暗黒騎士"", FI$24, ""白魔道士"", EF28 * EH28 * FG28 * IF(abillity, 1, E"&"G28 * EI28) * (Option!$D$22 * 0.81 / 100), ""占星術師"", EF28 * EJ28 * FG28 * IF(abillity, 1, EG28 * EK28) * (Option!$D$23 * 0.81 / 100), ""学者"", EF28 * EL28 * FG28 * IF(abillity, 1, EG28 * EM28) * (Option!$D$24 * 0.81 / 100), ""賢者"&""", EF28 * EN28 * FG28 * IF(abillity, 1, EG28 * EO28) * (Option!$D$25 * 0.81 / 100), 1 ) ) ) ) + EQ28"),0.0) -> 0 | FI28: =MAX(FF28 - FH28, 0) -> 0 | FJ28: =IFERROR(__xludf.DUMMYFUNCTION("PRODUCT( MAP( IF($F28=""Physical"", K$10:ED$10, IF($F28=""Magic"", K$11:ED$11, K$12:ED$12)), IF($F28=""Physical"", K$18:ED$18, IF($F28=""Magic"", K$19:ED$19, K$20:ED$20)), K$3:ED$3, K$5:ED$5, K$17:ED$17, K28:ED28, LAM"&"BDA( mitigation, enhance, job, assign, precondition, check, IF( OR(AND(check=TRUE, REGEXMATCH(assign, ""SELF""), job=""ガンブレイカー""), AND(check=Option!$H$13, REGEXMATCH(assign, ""SINGLE_PARTY""))), "&" IF( OR(ARRAYFORMULA((IF(precondition="""", FALSE, REGEXMATCH($K$4:$ED$4, precondition))) * (K28:ED28=TRUE))), enhance, mitigation ), 1 ) ) ) ) * EE28"),1.0) -> 1 | FK28: =H28 * FJ28 * 0.8 -> 0 | FL28: =IFERROR(__xludf.DUMMYFUNCTION("PRODUCT( MAP( K$3:ED$3, K$14:ED$14, K$13:ED$13, K28:ED28, LAMBDA( job, buff, target, check, IF( OR(AND(check=TRUE, REGEXMATCH(target, ""SELF_AFFECTED_ALL""), job=""ガンブレイカー""), AND(che"&"ck=Option!$H$13, REGEXMATCH(target, ""SINGLE_AFFECTED_ALL""))), buff, 1 ) ) ) )"),1.0) -> 1 | FM28: =IFERROR(__xludf.DUMMYFUNCTION("SUM( MAP( K$3:ED$3, K$7:ED$7, K$15:ED$15, K$16:ED$16, K$21:ED$21, K$5:ED$5, K$17:ED$17, K28:ED28, LAMBDA( job, abillity, buff, barrier, enhance, assign, preco"&"ndition, check, IF( OR(AND(check=TRUE, REGEXMATCH(assign, ""SELF""), job=""ガンブレイカー""), AND(check=Option!$H$13, REGEXMATCH(assign, ""SINGLE_PARTY""))), IF( OR(ARRAYFORMULA((IF(precondition="""", FALSE, REGEXMATCH("&"$K$4:$ED$4, precondition))) * (K28:ED28=TRUE))), enhance, IF(barrier="""", buff, barrier) ), 0 ) * SWITCH( job, ""暗黒騎士"", FN$24, ""白魔道士"", EF28 * EH28 * FL28 * IF(abillity, 1"&", EG28 * EI28) * (Option!$D$22 * 0.81 / 100), ""占星術師"", EF28 * EJ28 * FL28 * IF(abillity, 1, EG28 * EK28) * (Option!$D$23 * 0.81 / 100), ""学者"", EF28 * EL28 * FL28 * IF(abillity, 1, EG28 * EM28) * (Option!$D$24 * 0.81 / 100), """&"賢者"", EF28 * EN28 * FL28 * IF(abillity, 1, EG28 * EO28) * (Option!$D$25 * 0.81 / 100), 1 ) ) ) ) + EQ28"),0.0) -> 0 | FN28: =MAX(FK28 - FM28, 0) -> 0
C29: =IFERROR(C$3+D29, D29) -> 6.9444444e-05 | D29: 6.9444444e-05 | E29: plummet | F29: Physical | G29: =SWITCH(F29, "Physical", image("https://xivapi.com/i/060000/060011.png"), "Magic", image("https://xivapi.com/i/060000/060012.png"), "Unique", image("https://xivapi.com/i/060000/060013.png"), "") | K29: FALSE | L29: FALSE | M29: TRUE | N29: - | O29: FALSE | P29: FALSE | Q29: FALSE | R29: FALSE | S29: FALSE | T29: FALSE | U29: FALSE | V29: - | W29: FALSE | X29: FALSE | Y29: FALSE | Z29: FALSE | AA29: FALSE | AB29: FALSE | AC29: FALSE | AD29: FALSE | AE29: - | AF29: - | AG29: =IFERROR(__xludf.DUMMYFUNCTION("IF( ISNUMBER(AG28), MIN(MAX( AG28 + MAX( ROUNDDOWN(($D29 - MAX(IFERROR(FILTER($D$24:$D28, AG$24:AG28 <> AF$6, AG$23:AG27 = AF$6), 0))) * (60 * 60 * 24) / AF$9) - ROUNDDOWN(($D28 - MAX(IFERROR(FILTER($D$23:$D27, AG$23:AG27 <> AF$6, AG$22:"&"AG26 = AF$6), 0))) * (60 * 60 * 24) / 60), 0 ) - COUNTIF(AF29, ""<>-""), 0), AF$6), AF$6 - COUNTIF(AF29, ""<>-"") )"),2.0) -> 2 | AH29: FALSE | AI29: FALSE | AJ29: FALSE | AK29: FALSE | AL29: FALSE | AM29: FALSE | AN29: - | AO29: FALSE | AP29: FALSE | AQ29: FALSE | AR29: FALSE | AS29: FALSE | AT29: FALSE | AU29: FALSE | AV29: FALSE | AW29: FALSE | AX29: FALSE | AY29: - | AZ29: - | BA29: =IFERROR(__xludf.DUMMYFUNCTION("IF( ISNUMBER(BA28), MIN(MAX( BA28 + MAX( ROUNDDOWN((D29 - MAX(IFERROR(FILTER(D$24:D28, BA$24:BA28 <> AZ$6, BA$23:BA27 = AZ$6), 0))) * (60 * 60 * 24) / AZ$9) - ROUNDDOWN((D28 - MAX(IFERROR(FILTER(D$23:D27, BA$23:BA27 <> AZ$6, BA$22:BA26 ="&" AZ$6), 0))) * (60 * 60 * 24) / AZ$9), 0 ) - COUNTIF(AZ29, ""<>-""), 0), AZ$6), AZ$6 - COUNTIF(AZ29, ""<>-"") )"),2.0) -> 2 | BB29: - | BC29: =IFERROR(__xludf.DUMMYFUNCTION("IF( ISNUMBER(BC28), MIN(MAX( BC28 + MAX( ROUNDDOWN(($D29 - MAX(IFERROR(FILTER($D$24:$D28, BC$24:BC28 <> BB$6, BC$23:BC27 = BB$6), 0))) * (60 * 60 * 24) / BB$9) - ROUNDDOWN(($D28 - MAX(IFERROR(FILTER($D$23:$D27, BC$23:BC27 <> BB$6, BC$22:"&"BC26 = BB$6), 0))) * (60 * 60 * 24) / 60), 0 ) - COUNTIF(BB29, ""<>-""), 0), BB$6), BB$6 - COUNTIF(BB29, ""<>-"") )"),2.0) -> 2 | BD29: - | BE29: FALSE | BF29: FALSE | BG29: FALSE | BH29: FALSE | BI29: FALSE | BJ29: FALSE | BK29: FALSE | BL29: FALSE | BM29: FALSE | BN29: FALSE | BO29: - | BP29: - | BQ29: - | BR29: - | BS29: - | BT29: =IFERROR(__xludf.DUMMYFUNCTION("IF( ISNUMBER(BT28), MIN(MAX( BT28 + MAX( ROUNDDOWN((D29 - MAX(IFERROR(FILTER(D$24:D28, BT$24:BT28 <> BS$6, BT$23:BT27 = BS$6), 0))) * (60 * 60 * 24) / BS$9) - ROUNDDOWN((D28 - MAX(IFERROR(FILTER(D$23:D27, BT$23:BT27 <> BS$6, BT$22:BT26 ="&" BS$6), 0))) * (60 * 60 * 24) / BS$9), 0 ) - COUNTIF(BS29, ""<>-""), 0), BS$6), BS$6 - COUNTIF(BS29, ""<>-"") )"),3.0) -> 3 | BU29: - | BV29: - | BW29: =IFERROR(__xludf.DUMMYFUNCTION("IF( ISNUMBER(BW28), MIN(MAX( BW28 + MAX( ROUNDDOWN((D29 - MAX(IFERROR(FILTER(D$24:D28, BW$24:BW28 <> BV$6, BW$23:BW27 = BV$6), 0))) * (60 * 60 * 24) / BV$9) - ROUNDDOWN((D28 - MAX(IFERROR(FILTER(D$23:D27, BW$23:BW27 <> BV$6, BW$22:BW26 ="&" BV$6), 0))) * (60 * 60 * 24) / BV$9), 0 ) - COUNTIF(BV29, ""<>-""), 0), BV$6), BV$6 - COUNTIF(BV29, ""<>-"") )"),2.0) -> 2 | BX29: - | BY29: FALSE | BZ29: FALSE | CA29: FALSE | CB29: FALSE | CC29: FALSE | CD29: FALSE | CE29: FALSE | CF29: FALSE | CG29: FALSE | CH29: FALSE | CI29: FALSE | CJ29: FALSE | CK29: FALSE | CL29: FALSE | CM29: - | CN29: - | CO29: - | CP29: - | CQ29: - | CR29: FALSE | CS29: =SWITCH( IF(OR(AND(CI29, CI28<>TRUE), CR29), 3, IF(ISTEXT(CS28), FIND("◇", CS28&"◇") - 1, 0)) - COUNTIFS({BZ29,CE29}, "=TRUE", {BZ28,CE28}, "<>TRUE") - COUNTIF({CN29,CQ29}, "<>-") + IF(COUNTIFS({BZ29,CE29}, "=TRUE", {BZ28,CE28}, "<>TRUE") + COUNTIF({CN29,CQ29}, "<>-"), COUNTIFS(CJ29, "=TRUE", CJ28, "<>TRUE"), 0), 0, "◇◇◇", 1, "◆◇◇", 2, "◆◆◇", 3, "◆◆◆", "◇◇◇" ) -> ◇◇◇ | CT29: FALSE | CU29: FALSE | CV29: FALSE | CW29: FALSE | CX29: FALSE | CY29: FALSE | CZ29: FALSE | DA29: FALSE | DB29: FALSE | DC29: FALSE | DD29: - | DE29: - | DF29: - | DG29: - | DH29: FALSE | DI29: =IFERROR(__xludf.DUMMYFUNCTION("SWITCH( IF( ISTEXT(DI28), IF ( FIND(""○"", DI28&""○"") > 3, 3, FIND(""○"", DI28&""○"") + MAX( ROUNDDOWN(($D29 - MAX(IFERROR(FILTER(D$24:D28, DI$24:DI28 <> ""●●●"", DI$23:DI27 = ""●●●""), 0))) * (60 * 60 * 24) / 20"&") - ROUNDDOWN(($D28 - MAX(IFERROR(FILTER(D$23:D27, DI$23:DI27 <> ""●●●"", DI$22:DI26 = ""●●●""), 0))) * (60 * 60 * 24) / 20), 0 ) - 1 ) - COUNTIFS(CU29, ""=TRUE"", CU28, ""<>TRUE"") - COUNTIF(CZ29, ""=TRUE"") - COUNTIF({DD29,DE29}, ""<>-"&""") + COUNTIF(DH29, ""=TRUE""), 3 ), 0, ""○○○"", 1, ""●○○"", 2, ""●●○"", 3, ""●●●"", 4, ""●●●"", ""○○○"" )"),"●●●") -> ●●● | DJ29: FALSE | DK29: FALSE | DL29: FALSE | DM29: FALSE | DN29: FALSE | DO29: FALSE | DP29: FALSE | DQ29: FALSE | DR29: FALSE | DS29: FALSE | DT29: FALSE | DU29: FALSE | DV29: - | DW29: FALSE | DX29: FALSE | DY29: FALSE | DZ29: FALSE | EA29: FALSE | EB29: FALSE | EC29: FALSE | ED29: FALSE | EE29: =IFERROR(__xludf.DUMMYFUNCTION("IFERROR( PRODUCT( MAP( INDEX(TRANSPOSE(UNIQUE(TRANSPOSE(FILTER({IF($F29=""Physical"", K$10:ED$10, IF($F29=""Magic"", K$11:ED$11, K$12:ED$12));K$4:ED$4;K29:ED29}, K29:ED29=TRUE)))), 1, 0), INDEX(TRANSPOSE(UNIQUE(TRANSPOSE(FILTER({IF($"&"F29=""Physical"", K$18:ED$18, IF($F29=""Magic"", K$19:ED$19, K$20:ED$20));K$4:ED$4;K29:ED29}, K29:ED29=TRUE)))), 1, 0), INDEX(TRANSPOSE(UNIQUE(TRANSPOSE(FILTER({K$5:ED$5;K$4:ED$4;K29:ED29}, K29:ED29=TRUE)))), 1, 0), INDEX(TRANSPOSE(UNIQUE(TR"&"ANSPOSE(FILTER({K$17:ED$17;K$4:ED$4;K29:ED29}, K29:ED29=TRUE)))), 1, 0), LAMBDA( mitigation, enhance, assign, precondition, IF( REGEXMATCH(assign, ""RANGE_PARTY|SINGLE_ENEMY|RANGE_ENEMY""), "&" IF( OR(ARRAYFORMULA((IF(precondition="""", FALSE, REGEXMATCH(K$4:ED$4, precondition))) * (K29:ED29=TRUE))), IF(ISNUMBER(enhance), enhance, 1), IF(ISNUMBER(mitigation), mitigation, 1) ), "&" 1 ) ) ) ), 1 )"),1.0) -> 1 | EF29: =IFERROR(__xludf.DUMMYFUNCTION("PRODUCT( MAP( K$14:ED$14, K$13:ED$13, K29:ED29, LAMBDA( buff, target, check, IF( AND(check=TRUE, REGEXMATCH(target, ""RANGE_AFFECTED_ALL|RANGE_EFFECTED_ALL""), ISNUMBER(buff)), buff, "&" 1 ) ) ) )"),1.0) -> 1 | EG29: =IFERROR(__xludf.DUMMYFUNCTION("PRODUCT( MAP( K$14:ED$14, K$13:ED$13, K29:ED29, LAMBDA( buff, target, check, IF( AND(check=TRUE, REGEXMATCH(target, ""RANGE_AFFECTED_GCD|RANGE_EFFECTED_GCD""), ISNUMBER(buff)), buff, "&" 1 ) ) ) )"),1.0) -> 1 | EH29: =IFERROR(__xludf.DUMMYFUNCTION("PRODUCT( MAP( K$3:ED$3, K$14:ED$14, K$13:ED$13, K29:ED29, LAMBDA( job, buff, target, check, IF( AND(check=TRUE, REGEXMATCH(target, ""SELF_EFFECTED_ALL""), ISNUMBER(buff), job=""白魔道士"""&"), buff, 1 ) ) ) )"),1.0) -> 1 | EI29: =IFERROR(__xludf.DUMMYFUNCTION("PRODUCT( MAP( K$3:ED$3, K$14:ED$14, K$13:ED$13, K29:ED29, LAMBDA( job, buff, target, check, IF( AND(check=TRUE, REGEXMATCH(target, ""SELF_EFFECTED_GCD""), ISNUMBER(buff), job=""白魔道士"""&"), buff, 1 ) ) ) )"),1.0) -> 1 | EJ29: =IFERROR(__xludf.DUMMYFUNCTION("PRODUCT( MAP( K$3:ED$3, K$14:ED$14, K$13:ED$13, K29:ED29, LAMBDA( job, buff, target, check, IF( AND(check=TRUE, REGEXMATCH(target, ""SELF_EFFECTED_ALL""), ISNUMBER(buff), job=""占星術師"""&"), buff, 1 ) ) ) )"),1.0) -> 1 | EK29: =IFERROR(__xludf.DUMMYFUNCTION("PRODUCT( MAP( K$3:ED$3, K$14:ED$14, K$13:ED$13, K29:ED29, LAMBDA( job, buff, target, check, IF( AND(check=TRUE, REGEXMATCH(target, ""SELF_EFFECTED_GCD""), ISNUMBER(buff), job=""占星術師"""&"), buff, 1 ) ) ) )"),1.0) -> 1 | EL29: =IFERROR(__xludf.DUMMYFUNCTION("PRODUCT( MAP( K$3:ED$3, K$14:ED$14, K$13:ED$13, K29:ED29, LAMBDA( job, buff, target, check, IF( AND(check=TRUE, REGEXMATCH(target, ""SELF_EFFECTED_ALL""), ISNUMBER(buff), job=""学者""),"&" buff, 1 ) ) ) )"),1.0) -> 1 | EM29: =IFERROR(__xludf.DUMMYFUNCTION("PRODUCT( MAP( K$3:ED$3, K$14:ED$14, K$13:ED$13, K29:ED29, LAMBDA( job, buff, target, check, IF( AND(check=TRUE, REGEXMATCH(target, ""SELF_EFFECTED_GCD""), ISNUMBER(buff), job=""学者""),"&" buff, 1 ) ) ) )"),1.0) -> 1 | EN29: =IFERROR(__xludf.DUMMYFUNCTION("PRODUCT( MAP( K$3:ED$3, K$14:ED$14, K$13:ED$13, K29:ED29, LAMBDA( job, buff, target, check, IF( AND(check=TRUE, REGEXMATCH(target, ""SELF_EFFECTED_ALL""), ISNUMBER(buff), job=""賢者""),"&" buff, 1 ) ) ) )"),1.0) -> 1 | EO29: =IFERROR(__xludf.DUMMYFUNCTION("PRODUCT( MAP( K$3:ED$3, K$14:ED$14, K$13:ED$13, K29:ED29, LAMBDA( job, buff, target, check, IF( AND(check=TRUE, REGEXMATCH(target, ""SELF_EFFECTED_GCD""), ISNUMBER(buff), job=""賢者""),"&" buff, 1 ) ) ) )"),1.0) -> 1 | EP29: =H29*EE29 -> 0 | EQ29: =IFERROR(__xludf.DUMMYFUNCTION("SUM( MAP( K$4:ED$4, K$3:ED$3, K$7:ED$7, K$15:ED$15, K$16:ED$16, K$21:ED$21, K$5:ED$5, K$17:ED$17, K29:ED29, LAMBDA( name, job, abillity, buff, barrier, enhance,"&" assign, precondition, check, SWITCH( name, ""シェイクオフ"", IF(check=TRUE, buff + (0.02 * COUNTIF(ARRAYFORMULA((REGEXMATCH($K$4:$ED$4, ""スリル・オブ・バトル|ヴェンジェンス|原初の血気|ダムネーション"")) * (K29:ED29=TRUE)), 1)), 0), "&"""インプロビゼーションフィニッシュ(踊りの激情0)"", IF(ISNUMBER(check), INDEX(Skill!$AJ:$AJ, MATCH(SUBSTITUTE(DV$4, 0, check), Skill!$C:$C, 0)), 0), IF( AND(check=TRUE, REGEXMATCH(assign, ""RANGE_PARTY"")), IF( OR(ARRAYFORMULA((IF(pr"&"econdition="""", FALSE, REGEXMATCH($K$4:$ED$4, precondition))) * (K29:ED29=TRUE))), enhance, IF(barrier="""", buff, barrier) ), 0 ) ) * SWITCH( job, ""ナイト"", EY$24, "&" ""戦士"", FD$24, ""踊り子"", ET$24, ""ピクトマンサー"", ET$24, ""白魔道士"", EF29 * EH29 * IF(abillity, 1, EG29 * EI29) * (Option!$D$22 * 0.81 / 100), ""占星術師"", EF29 * EJ29 * IF(abillity, 1, EG29 * EK29) * (Option!$D$23 * 0.81 "&"/ 100), ""学者"", EF29 * EL29 * IF(abillity, 1, EG29 * EM29) * (Option!$D$24 * 0.81 / 100), ""賢者"", EF29 * EN29 * IF(abillity, 1, EG29 * EO29) * (Option!$D$25 * 0.81 / 100), 1 ) ) ) )"),22580.0) -> 22580 | ER29: =IF(EP29 < EQ29, 0, EP29 - EQ29) -> 0 | ES29: =I29*J29*EE29 -> 0 | ET29: =IFERROR(__xludf.DUMMYFUNCTION("IFS( EP29 > $ET$24 + EQ29, SPARKLINE({ 1, 0 }, {""charttype"",""bar"";""max"", 1;""color1"",Option!$D$30;""color2"",Option!$D$30}), EP29 < EQ29, SPARKLINE({EQ29 - EP29, $ET$24 - (EQ29 - EP29)}, {""charttype"",""bar"";""max"",$ET$24;""color1"",Opti"&"on!$D$28;""color2"",Option!$D$29}), EP29 >= EQ29, SPARKLINE({$ET$24 + EQ29 - EP29,EP29 - EQ29}, {""charttype"",""bar"";""max"",$ET$24;""color1"",Option!$D$29;""color2"",Option!$D$30}) )"),"") | EU29: =IFERROR(__xludf.DUMMYFUNCTION("PRODUCT( MAP( IF($F29=""Physical"", K$10:ED$10, IF($F29=""Magic"", K$11:ED$11, K$12:ED$12)), IF($F29=""Physical"", K$18:ED$18, IF($F29=""Magic"", K$19:ED$19, K$20:ED$20)), K$3:ED$3, K$5:ED$5, K$17:ED$17, K29:ED29, LAM"&"BDA( mitigation, enhance, job, assign, precondition, check, IF( OR(AND(check=TRUE, REGEXMATCH(assign, ""SELF""), job=""ナイト""), AND(check=Option!$E$13, REGEXMATCH(assign, ""SINGLE_PARTY""))), "&" IF( OR(ARRAYFORMULA((IF(precondition="""", FALSE, REGEXMATCH($K$4:$ED$4, precondition))) * (K29:ED29=TRUE))), enhance, mitigation ), 1 ) ) ) ) * EE29"),1.0) -> 1 | EV29: =H29 * EU29 * 0.8 -> 0 | EW29: =IFERROR(__xludf.DUMMYFUNCTION("PRODUCT( MAP( K$3:ED$3, K$14:ED$14, K$13:ED$13, K29:ED29, LAMBDA( job, buff, target, check, IF( OR(AND(check=TRUE, REGEXMATCH(target, ""SELF_AFFECTED_ALL""), job=""ナイト""), AND(check=O"&"ption!$E$13, REGEXMATCH(target, ""SINGLE_AFFECTED_ALL""))), buff, 1 ) ) ) )"),1.0) -> 1 | EX29: =IFERROR(__xludf.DUMMYFUNCTION("SUM( MAP( K$3:ED$3, K$7:ED$7, K$15:ED$15, K$16:ED$16, K$21:ED$21, K$5:ED$5, K$17:ED$17, K29:ED29, LAMBDA( job, abillity, buff, barrier, enhance, assign, preco"&"ndition, check, IF( OR(AND(check=TRUE, REGEXMATCH(assign, ""SELF""), job=""ナイト""), AND(check=Option!$E$13, REGEXMATCH(assign, ""SINGLE_PARTY""))), IF( OR(ARRAYFORMULA((IF(precondition="""", FALSE, REGEXMATCH($K$4"&":$ED$4, precondition))) * (K29:ED29=TRUE))), enhance, IF(barrier="""", buff, barrier) ), 0 ) * SWITCH( job, ""暗黒騎士"", EY$24, ""白魔道士"", EF29 * EH29 * EW29 * IF(abillity, 1, EG"&"29 * EI29) * (Option!$D$22 * 0.81 / 100), ""占星術師"", EF29 * EJ29 * EW29 * IF(abillity, 1, EG29 * EK29) * (Option!$D$23 * 0.81 / 100), ""学者"", EF29 * EL29 * EW29 * IF(abillity, 1, EG29 * EM29) * (Option!$D$24 * 0.81 / 100), ""賢者"""&", EF29 * EN29 * EW29 * IF(abillity, 1, EG29 * EO29) * (Option!$D$25 * 0.81 / 100), 1 ) ) ) ) + EQ29"),22580.0) -> 22580 | EY29: =MAX(EV29 - EX29, 0) -> 0 | EZ29: =IFERROR(__xludf.DUMMYFUNCTION("PRODUCT( MAP( IF($F29=""Physical"", K$10:ED$10, IF($F29=""Magic"", K$11:ED$11, K$12:ED$12)), IF($F29=""Physical"", K$18:ED$18, IF($F29=""Magic"", K$19:ED$19, K$20:ED$20)), K$3:ED$3, K$5:ED$5, K$17:ED$17, K29:ED29, LAM"&"BDA( mitigation, enhance, job, assign, precondition, check, IF( OR(AND(check=TRUE, REGEXMATCH(assign, ""SELF""), job=""戦士""), AND(check=Option!$F$13, REGEXMATCH(assign, ""SINGLE_PARTY""))), "&" IF( OR(ARRAYFORMULA((IF(precondition="""", FALSE, REGEXMATCH($K$4:$ED$4, precondition))) * (K29:ED29=TRUE))), enhance, mitigation ), 1 ) ) ) ) * EE29"),1.0) -> 1 | FA29: =H29 * EZ29 * 0.8 -> 0 | FB29: =IFERROR(__xludf.DUMMYFUNCTION("PRODUCT( MAP( K$3:ED$3, K$14:ED$14, K$13:ED$13, K29:ED29, LAMBDA( job, buff, target, check, IF( OR(AND(check=TRUE, REGEXMATCH(target, ""SELF_AFFECTED_ALL""), job=""戦士""), AND(check=Op"&"tion!$F$13, REGEXMATCH(target, ""SINGLE_AFFECTED_ALL""))), buff, 1 ) ) ) )"),1.0) -> 1 | FC29: =IFERROR(__xludf.DUMMYFUNCTION("SUM( MAP( K$3:ED$3, K$7:ED$7, K$15:ED$15, K$16:ED$16, K$21:ED$21, K$5:ED$5, K$17:ED$17, K29:ED29, LAMBDA( job, abillity, buff, barrier, enhance, assign, preco"&"ndition, check, IF( OR(AND(check=TRUE, REGEXMATCH(assign, ""SELF""), job=""戦士""), AND(check=Option!$F$13, REGEXMATCH(assign, ""SINGLE_PARTY""))), IF( OR(ARRAYFORMULA((IF(precondition="""", FALSE, REGEXMATCH($K$4:"&"$ED$4, precondition))) * (K29:ED29=TRUE))), enhance, IF(barrier="""", buff, barrier) ), 0 ) * SWITCH( job, ""暗黒騎士"", FD$24, ""白魔道士"", EF29 * EH29 * FB29 * IF(abillity, 1, EG2"&"9 * EI29) * (Option!$D$22 * 0.81 / 100), ""占星術師"", EF29 * EJ29 * FFB29 * IF(abillity, 1, EG29 * EK29) * (Option!$D$23 * 0.81 / 100), ""学者"", EF29 * EL29 * FB29 * IF(abillity, 1, EG29 * EM29) * (Option!$D$24 * 0.81 / 100), ""賢者"""&", EF29 * EN29 * FB29 * IF(abillity, 1, EG29 * EO29) * (Option!$D$25 * 0.81 / 100), 1 ) ) ) ) + EQ29"),22580.0) -> 22580 | FD29: =MAX(FA29 - FC29, 0) -> 0 | FE29: =IFERROR(__xludf.DUMMYFUNCTION("PRODUCT( MAP( IF($F29=""Physical"", K$10:ED$10, IF($F29=""Magic"", K$11:ED$11, K$12:ED$12)), IF($F29=""Physical"", K$18:ED$18, IF($F29=""Magic"", K$19:ED$19, K$20:ED$20)), K$3:ED$3, K$5:ED$5, K$17:ED$17, K29:ED29, LAM"&"BDA( mitigation, enhance, job, assign, precondition, check, IF( OR(AND(check=TRUE, REGEXMATCH(assign, ""SELF""), job=""暗黒騎士""), AND(check=Option!$G$13, REGEXMATCH(assign, ""SINGLE_PARTY""))), "&" IF( OR(ARRAYFORMULA((IF(precondition="""", FALSE, REGEXMATCH($K$4:$ED$4, precondition))) * (K29:ED29=TRUE))), enhance, mitigation ), 1 ) ) ) ) * EE29"),1.0) -> 1 | FF29: =H29 * FE29 * 0.8 -> 0 | FG29: =IFERROR(__xludf.DUMMYFUNCTION("PRODUCT( MAP( K$3:ED$3, K$14:ED$14, K$13:ED$13, K29:ED29, LAMBDA( job, buff, target, check, IF( OR(AND(check=TRUE, REGEXMATCH(target, ""SELF_AFFECTED_ALL""), job=""暗黒騎士""), AND(check="&"Option!$G$13, REGEXMATCH(target, ""SINGLE_AFFECTED_ALL""))), buff, 1 ) ) ) )"),1.0) -> 1 | FH29: =IFERROR(__xludf.DUMMYFUNCTION("SUM( MAP( K$3:ED$3, K$7:ED$7, K$15:ED$15, K$16:ED$16, K$21:ED$21, K$5:ED$5, K$17:ED$17, K29:ED29, LAMBDA( job, abillity, buff, barrier, enhance, assign, preco"&"ndition, check, IF( OR(AND(check=TRUE, REGEXMATCH(assign, ""SELF""), job=""暗黒騎士""), AND(check=Option!$G$13, REGEXMATCH(assign, ""SINGLE_PARTY""))), IF( OR(ARRAYFORMULA((IF(precondition="""", FALSE, REGEXMATCH($K$"&"4:$ED$4, precondition))) * (K29:ED29=TRUE))), enhance, IF(barrier="""", buff, barrier) ), 0 ) * SWITCH( job, ""暗黒騎士"", FI$24, ""白魔道士"", EF29 * EH29 * FG29 * IF(abillity, 1, E"&"G29 * EI29) * (Option!$D$22 * 0.81 / 100), ""占星術師"", EF29 * EJ29 * FG29 * IF(abillity, 1, EG29 * EK29) * (Option!$D$23 * 0.81 / 100), ""学者"", EF29 * EL29 * FG29 * IF(abillity, 1, EG29 * EM29) * (Option!$D$24 * 0.81 / 100), ""賢者"&""", EF29 * EN29 * FG29 * IF(abillity, 1, EG29 * EO29) * (Option!$D$25 * 0.81 / 100), 1 ) ) ) ) + EQ29"),22580.0) -> 22580 | FI29: =MAX(FF29 - FH29, 0) -> 0 | FJ29: =IFERROR(__xludf.DUMMYFUNCTION("PRODUCT( MAP( IF($F29=""Physical"", K$10:ED$10, IF($F29=""Magic"", K$11:ED$11, K$12:ED$12)), IF($F29=""Physical"", K$18:ED$18, IF($F29=""Magic"", K$19:ED$19, K$20:ED$20)), K$3:ED$3, K$5:ED$5, K$17:ED$17, K29:ED29, LAM"&"BDA( mitigation, enhance, job, assign, precondition, check, IF( OR(AND(check=TRUE, REGEXMATCH(assign, ""SELF""), job=""ガンブレイカー""), AND(check=Option!$H$13, REGEXMATCH(assign, ""SINGLE_PARTY""))), "&" IF( OR(ARRAYFORMULA((IF(precondition="""", FALSE, REGEXMATCH($K$4:$ED$4, precondition))) * (K29:ED29=TRUE))), enhance, mitigation ), 1 ) ) ) ) * EE29"),1.0) -> 1 | FK29: =H29 * FJ29 * 0.8 -> 0 | FL29: =IFERROR(__xludf.DUMMYFUNCTION("PRODUCT( MAP( K$3:ED$3, K$14:ED$14, K$13:ED$13, K29:ED29, LAMBDA( job, buff, target, check, IF( OR(AND(check=TRUE, REGEXMATCH(target, ""SELF_AFFECTED_ALL""), job=""ガンブレイカー""), AND(che"&"ck=Option!$H$13, REGEXMATCH(target, ""SINGLE_AFFECTED_ALL""))), buff, 1 ) ) ) )"),1.0) -> 1 | FM29: =IFERROR(__xludf.DUMMYFUNCTION("SUM( MAP( K$3:ED$3, K$7:ED$7, K$15:ED$15, K$16:ED$16, K$21:ED$21, K$5:ED$5, K$17:ED$17, K29:ED29, LAMBDA( job, abillity, buff, barrier, enhance, assign, preco"&"ndition, check, IF( OR(AND(check=TRUE, REGEXMATCH(assign, ""SELF""), job=""ガンブレイカー""), AND(check=Option!$H$13, REGEXMATCH(assign, ""SINGLE_PARTY""))), IF( OR(ARRAYFORMULA((IF(precondition="""", FALSE, REGEXMATCH("&"$K$4:$ED$4, precondition))) * (K29:ED29=TRUE))), enhance, IF(barrier="""", buff, barrier) ), 0 ) * SWITCH( job, ""暗黒騎士"", FN$24, ""白魔道士"", EF29 * EH29 * FL29 * IF(abillity, 1"&", EG29 * EI29) * (Option!$D$22 * 0.81 / 100), ""占星術師"", EF29 * EJ29 * FL29 * IF(abillity, 1, EG29 * EK29) * (Option!$D$23 * 0.81 / 100), ""学者"", EF29 * EL29 * FL29 * IF(abillity, 1, EG29 * EM29) * (Option!$D$24 * 0.81 / 100), """&"賢者"", EF29 * EN29 * FL29 * IF(abillity, 1, EG29 * EO29) * (Option!$D$25 * 0.81 / 100), 1 ) ) ) ) + EQ29"),22580.0) -> 22580 | FN29: =MAX(FK29 - FM29, 0) -> 0
C30: =IFERROR(C$3+D30, D30) -> 0.00018518519 | D30: 0.00018518519 | E30: first stack | F30: Magic | H30: 18500 | K30: FALSE | L30: FALSE | M30: TRUE | N30: - | O30: FALSE | P30: FALSE | Q30: FALSE | R30: FALSE | S30: FALSE | T30: FALSE | U30: FALSE | V30: - | W30: FALSE | X30: FALSE | Y30: FALSE | Z30: FALSE | AA30: FALSE | AB30: FALSE | AC30: FALSE | AD30: FALSE | AE30: - | AF30: - | AG30: =IFERROR(__xludf.DUMMYFUNCTION("IF( ISNUMBER(AG29), MIN(MAX( AG29 + MAX( ROUNDDOWN(($D30 - MAX(IFERROR(FILTER($D$24:$D29, AG$24:AG29 <> AF$6, AG$23:AG28 = AF$6), 0))) * (60 * 60 * 24) / AF$9) - ROUNDDOWN(($D29 - MAX(IFERROR(FILTER($D$23:$D28, AG$23:AG28 <> AF$6, AG$22:"&"AG27 = AF$6), 0))) * (60 * 60 * 24) / 60), 0 ) - COUNTIF(AF30, ""<>-""), 0), AF$6), AF$6 - COUNTIF(AF30, ""<>-"") )"),2.0) -> 2 | AH30: FALSE | AI30: FALSE | AJ30: FALSE | AK30: FALSE | AL30: FALSE | AM30: FALSE | AN30: - | AO30: FALSE | AP30: FALSE | AQ30: FALSE | AR30: FALSE | AS30: FALSE | AT30: FALSE | AU30: FALSE | AV30: FALSE | AW30: FALSE | AX30: FALSE | AY30: - | AZ30: - | BA30: =IFERROR(__xludf.DUMMYFUNCTION("IF( ISNUMBER(BA29), MIN(MAX( BA29 + MAX( ROUNDDOWN((D30 - MAX(IFERROR(FILTER(D$24:D29, BA$24:BA29 <> AZ$6, BA$23:BA28 = AZ$6), 0))) * (60 * 60 * 24) / AZ$9) - ROUNDDOWN((D29 - MAX(IFERROR(FILTER(D$23:D28, BA$23:BA28 <> AZ$6, BA$22:BA27 ="&" AZ$6), 0))) * (60 * 60 * 24) / AZ$9), 0 ) - COUNTIF(AZ30, ""<>-""), 0), AZ$6), AZ$6 - COUNTIF(AZ30, ""<>-"") )"),2.0) -> 2 | BB30: - | BC30: =IFERROR(__xludf.DUMMYFUNCTION("IF( ISNUMBER(BC29), MIN(MAX( BC29 + MAX( ROUNDDOWN(($D30 - MAX(IFERROR(FILTER($D$24:$D29, BC$24:BC29 <> BB$6, BC$23:BC28 = BB$6), 0))) * (60 * 60 * 24) / BB$9) - ROUNDDOWN(($D29 - MAX(IFERROR(FILTER($D$23:$D28, BC$23:BC28 <> BB$6, BC$22:"&"BC27 = BB$6), 0))) * (60 * 60 * 24) / 60), 0 ) - COUNTIF(BB30, ""<>-""), 0), BB$6), BB$6 - COUNTIF(BB30, ""<>-"") )"),2.0) -> 2 | BD30: - | BE30: FALSE | BF30: FALSE | BG30: FALSE | BH30: FALSE | BI30: FALSE | BJ30: FALSE | BK30: FALSE | BL30: FALSE | BM30: FALSE | BN30: FALSE | BO30: - | BP30: - | BQ30: - | BR30: - | BS30: - | BT30: =IFERROR(__xludf.DUMMYFUNCTION("IF( ISNUMBER(BT29), MIN(MAX( BT29 + MAX( ROUNDDOWN((D30 - MAX(IFERROR(FILTER(D$24:D29, BT$24:BT29 <> BS$6, BT$23:BT28 = BS$6), 0))) * (60 * 60 * 24) / BS$9) - ROUNDDOWN((D29 - MAX(IFERROR(FILTER(D$23:D28, BT$23:BT28 <> BS$6, BT$22:BT27 ="&" BS$6), 0))) * (60 * 60 * 24) / BS$9), 0 ) - COUNTIF(BS30, ""<>-""), 0), BS$6), BS$6 - COUNTIF(BS30, ""<>-"") )"),3.0) -> 3 | BU30: - | BV30: - | BW30: =IFERROR(__xludf.DUMMYFUNCTION("IF( ISNUMBER(BW29), MIN(MAX( BW29 + MAX( ROUNDDOWN((D30 - MAX(IFERROR(FILTER(D$24:D29, BW$24:BW29 <> BV$6, BW$23:BW28 = BV$6), 0))) * (60 * 60 * 24) / BV$9) - ROUNDDOWN((D29 - MAX(IFERROR(FILTER(D$23:D28, BW$23:BW28 <> BV$6, BW$22:BW27 ="&" BV$6), 0))) * (60 * 60 * 24) / BV$9), 0 ) - COUNTIF(BV30, ""<>-""), 0), BV$6), BV$6 - COUNTIF(BV30, ""<>-"") )"),2.0) -> 2 | BX30: - | BY30: FALSE | BZ30: FALSE | CA30: FALSE | CB30: FALSE | CC30: FALSE | CD30: FALSE | CE30: FALSE | CF30: FALSE | CG30: FALSE | CH30: FALSE | CI30: FALSE | CJ30: FALSE | CK30: FALSE | CL30: FALSE | CM30: - | CN30: - | CO30: - | CP30: - | CQ30: - | CR30: FALSE | CS30: =SWITCH( IF(OR(AND(CI30, CI29<>TRUE), CR30), 3, IF(ISTEXT(CS29), FIND("◇", CS29&"◇") - 1, 0)) - COUNTIFS({BZ30,CE30}, "=TRUE", {BZ29,CE29}, "<>TRUE") - COUNTIF({CN30,CQ30}, "<>-") + IF(COUNTIFS({BZ30,CE30}, "=TRUE", {BZ29,CE29}, "<>TRUE") + COUNTIF({CN30,CQ30}, "<>-"), COUNTIFS(CJ30, "=TRUE", CJ29, "<>TRUE"), 0), 0, "◇◇◇", 1, "◆◇◇", 2, "◆◆◇", 3, "◆◆◆", "◇◇◇" ) -> ◇◇◇ | CT30: FALSE | CU30: FALSE | CV30: FALSE | CW30: FALSE | CX30: FALSE | CY30: FALSE | CZ30: FALSE | DA30: FALSE | DB30: FALSE | DC30: FALSE | DD30: - | DE30: - | DF30: - | DG30: - | DH30: FALSE | DI30: =IFERROR(__xludf.DUMMYFUNCTION("SWITCH( IF( ISTEXT(DI29), IF ( FIND(""○"", DI29&""○"") > 3, 3, FIND(""○"", DI29&""○"") + MAX( ROUNDDOWN(($D30 - MAX(IFERROR(FILTER(D$24:D29, DI$24:DI29 <> ""●●●"", DI$23:DI28 = ""●●●""), 0))) * (60 * 60 * 24) / 20"&") - ROUNDDOWN(($D29 - MAX(IFERROR(FILTER(D$23:D28, DI$23:DI28 <> ""●●●"", DI$22:DI27 = ""●●●""), 0))) * (60 * 60 * 24) / 20), 0 ) - 1 ) - COUNTIFS(CU30, ""=TRUE"", CU29, ""<>TRUE"") - COUNTIF(CZ30, ""=TRUE"") - COUNTIF({DD30,DE30}, ""<>-"&""") + COUNTIF(DH30, ""=TRUE""), 3 ), 0, ""○○○"", 1, ""●○○"", 2, ""●●○"", 3, ""●●●"", 4, ""●●●"", ""○○○"" )"),"●●●") -> ●●● | DJ30: FALSE | DK30: FALSE | DL30: FALSE | DM30: FALSE | DN30: FALSE | DO30: FALSE | DP30: FALSE | DQ30: TRUE | DR30: FALSE | DS30: FALSE | DT30: FALSE | DU30: FALSE | DV30: - | DW30: FALSE | DX30: FALSE | DY30: FALSE | DZ30: FALSE | EA30: FALSE | EB30: FALSE | EC30: FALSE | ED30: FALSE | EE30: =IFERROR(__xludf.DUMMYFUNCTION("IFERROR( PRODUCT( MAP( INDEX(TRANSPOSE(UNIQUE(TRANSPOSE(FILTER({IF($F30=""Physical"", K$10:ED$10, IF($F30=""Magic"", K$11:ED$11, K$12:ED$12));K$4:ED$4;K30:ED30}, K30:ED30=TRUE)))), 1, 0), INDEX(TRANSPOSE(UNIQUE(TRANSPOSE(FILTER({IF($"&"F30=""Physical"", K$18:ED$18, IF($F30=""Magic"", K$19:ED$19, K$20:ED$20));K$4:ED$4;K30:ED30}, K30:ED30=TRUE)))), 1, 0), INDEX(TRANSPOSE(UNIQUE(TRANSPOSE(FILTER({K$5:ED$5;K$4:ED$4;K30:ED30}, K30:ED30=TRUE)))), 1, 0), INDEX(TRANSPOSE(UNIQUE(TR"&"ANSPOSE(FILTER({K$17:ED$17;K$4:ED$4;K30:ED30}, K30:ED30=TRUE)))), 1, 0), LAMBDA( mitigation, enhance, assign, precondition, IF( REGEXMATCH(assign, ""RANGE_PARTY|SINGLE_ENEMY|RANGE_ENEMY""), "&" IF( OR(ARRAYFORMULA((IF(precondition="""", FALSE, REGEXMATCH(K$4:ED$4, precondition))) * (K30:ED30=TRUE))), IF(ISNUMBER(enhance), enhance, 1), IF(ISNUMBER(mitigation), mitigation, 1) ), "&" 1 ) ) ) ), 1 )"),0.85) -> 0.85 | EF30: =IFERROR(__xludf.DUMMYFUNCTION("PRODUCT( MAP( K$14:ED$14, K$13:ED$13, K30:ED30, LAMBDA( buff, target, check, IF( AND(check=TRUE, REGEXMATCH(target, ""RANGE_AFFECTED_ALL|RANGE_EFFECTED_ALL""), ISNUMBER(buff)), buff, "&" 1 ) ) ) )"),1.0) -> 1 | EG30: =IFERROR(__xludf.DUMMYFUNCTION("PRODUCT( MAP( K$14:ED$14, K$13:ED$13, K30:ED30, LAMBDA( buff, target, check, IF( AND(check=TRUE, REGEXMATCH(target, ""RANGE_AFFECTED_GCD|RANGE_EFFECTED_GCD""), ISNUMBER(buff)), buff, "&" 1 ) ) ) )"),1.0) -> 1 | EH30: =IFERROR(__xludf.DUMMYFUNCTION("PRODUCT( MAP( K$3:ED$3, K$14:ED$14, K$13:ED$13, K30:ED30, LAMBDA( job, buff, target, check, IF( AND(check=TRUE, REGEXMATCH(target, ""SELF_EFFECTED_ALL""), ISNUMBER(buff), job=""白魔道士"""&"), buff, 1 ) ) ) )"),1.0) -> 1 | EI30: =IFERROR(__xludf.DUMMYFUNCTION("PRODUCT( MAP( K$3:ED$3, K$14:ED$14, K$13:ED$13, K30:ED30, LAMBDA( job, buff, target, check, IF( AND(check=TRUE, REGEXMATCH(target, ""SELF_EFFECTED_GCD""), ISNUMBER(buff), job=""白魔道士"""&"), buff, 1 ) ) ) )"),1.0) -> 1 | EJ30: =IFERROR(__xludf.DUMMYFUNCTION("PRODUCT( MAP( K$3:ED$3, K$14:ED$14, K$13:ED$13, K30:ED30, LAMBDA( job, buff, target, check, IF( AND(check=TRUE, REGEXMATCH(target, ""SELF_EFFECTED_ALL""), ISNUMBER(buff), job=""占星術師"""&"), buff, 1 ) ) ) )"),1.0) -> 1 | EK30: =IFERROR(__xludf.DUMMYFUNCTION("PRODUCT( MAP( K$3:ED$3, K$14:ED$14, K$13:ED$13, K30:ED30, LAMBDA( job, buff, target, check, IF( AND(check=TRUE, REGEXMATCH(target, ""SELF_EFFECTED_GCD""), ISNUMBER(buff), job=""占星術師"""&"), buff, 1 ) ) ) )"),1.0) -> 1 | EL30: =IFERROR(__xludf.DUMMYFUNCTION("PRODUCT( MAP( K$3:ED$3, K$14:ED$14, K$13:ED$13, K30:ED30, LAMBDA( job, buff, target, check, IF( AND(check=TRUE, REGEXMATCH(target, ""SELF_EFFECTED_ALL""), ISNUMBER(buff), job=""学者""),"&" buff, 1 ) ) ) )"),1.0) -> 1 | EM30: =IFERROR(__xludf.DUMMYFUNCTION("PRODUCT( MAP( K$3:ED$3, K$14:ED$14, K$13:ED$13, K30:ED30, LAMBDA( job, buff, target, check, IF( AND(check=TRUE, REGEXMATCH(target, ""SELF_EFFECTED_GCD""), ISNUMBER(buff), job=""学者""),"&" buff, 1 ) ) ) )"),1.0) -> 1 | EN30: =IFERROR(__xludf.DUMMYFUNCTION("PRODUCT( MAP( K$3:ED$3, K$14:ED$14, K$13:ED$13, K30:ED30, LAMBDA( job, buff, target, check, IF( AND(check=TRUE, REGEXMATCH(target, ""SELF_EFFECTED_ALL""), ISNUMBER(buff), job=""賢者""),"&" buff, 1 ) ) ) )"),1.0) -> 1 | EO30: =IFERROR(__xludf.DUMMYFUNCTION("PRODUCT( MAP( K$3:ED$3, K$14:ED$14, K$13:ED$13, K30:ED30, LAMBDA( job, buff, target, check, IF( AND(check=TRUE, REGEXMATCH(target, ""SELF_EFFECTED_GCD""), ISNUMBER(buff), job=""賢者""),"&" buff, 1 ) ) ) )"),1.0) -> 1 | EP30: =H30*EE30 -> 15725 | EQ30: =IFERROR(__xludf.DUMMYFUNCTION("SUM( MAP( K$4:ED$4, K$3:ED$3, K$7:ED$7, K$15:ED$15, K$16:ED$16, K$21:ED$21, K$5:ED$5, K$17:ED$17, K30:ED30, LAMBDA( name, job, abillity, buff, barrier, enhance,"&" assign, precondition, check, SWITCH( name, ""シェイクオフ"", IF(check=TRUE, buff + (0.02 * COUNTIF(ARRAYFORMULA((REGEXMATCH($K$4:$ED$4, ""スリル・オブ・バトル|ヴェンジェンス|原初の血気|ダムネーション"")) * (K30:ED30=TRUE)), 1)), 0), "&"""インプロビゼーションフィニッシュ(踊りの激情0)"", IF(ISNUMBER(check), INDEX(Skill!$AJ:$AJ, MATCH(SUBSTITUTE(DV$4, 0, check), Skill!$C:$C, 0)), 0), IF( AND(check=TRUE, REGEXMATCH(assign, ""RANGE_PARTY"")), IF( OR(ARRAYFORMULA((IF(pr"&"econdition="""", FALSE, REGEXMATCH($K$4:$ED$4, precondition))) * (K30:ED30=TRUE))), enhance, IF(barrier="""", buff, barrier) ), 0 ) ) * SWITCH( job, ""ナイト"", EY$24, "&" ""戦士"", FD$24, ""踊り子"", ET$24, ""ピクトマンサー"", ET$24, ""白魔道士"", EF30 * EH30 * IF(abillity, 1, EG30 * EI30) * (Option!$D$22 * 0.81 / 100), ""占星術師"", EF30 * EJ30 * IF(abillity, 1, EG30 * EK30) * (Option!$D$23 * 0.81 "&"/ 100), ""学者"", EF30 * EL30 * IF(abillity, 1, EG30 * EM30) * (Option!$D$24 * 0.81 / 100), ""賢者"", EF30 * EN30 * IF(abillity, 1, EG30 * EO30) * (Option!$D$25 * 0.81 / 100), 1 ) ) ) )"),22580.0) -> 22580 | ER30: =IF(EP30 < EQ30, 0, EP30 - EQ30) -> 0 | ES30: =I30*J30*EE30 -> 0 | ET30: =IFERROR(__xludf.DUMMYFUNCTION("IFS( EP30 > $ET$24 + EQ30, SPARKLINE({ 1, 0 }, {""charttype"",""bar"";""max"", 1;""color1"",Option!$D$30;""color2"",Option!$D$30}), EP30 < EQ30, SPARKLINE({EQ30 - EP30, $ET$24 - (EQ30 - EP30)}, {""charttype"",""bar"";""max"",$ET$24;""color1"",Opti"&"on!$D$28;""color2"",Option!$D$29}), EP30 >= EQ30, SPARKLINE({$ET$24 + EQ30 - EP30,EP30 - EQ30}, {""charttype"",""bar"";""max"",$ET$24;""color1"",Option!$D$29;""color2"",Option!$D$30}) )"),"") | EU30: =IFERROR(__xludf.DUMMYFUNCTION("PRODUCT( MAP( IF($F30=""Physical"", K$10:ED$10, IF($F30=""Magic"", K$11:ED$11, K$12:ED$12)), IF($F30=""Physical"", K$18:ED$18, IF($F30=""Magic"", K$19:ED$19, K$20:ED$20)), K$3:ED$3, K$5:ED$5, K$17:ED$17, K30:ED30, LAM"&"BDA( mitigation, enhance, job, assign, precondition, check, IF( OR(AND(check=TRUE, REGEXMATCH(assign, ""SELF""), job=""ナイト""), AND(check=Option!$E$13, REGEXMATCH(assign, ""SINGLE_PARTY""))), "&" IF( OR(ARRAYFORMULA((IF(precondition="""", FALSE, REGEXMATCH($K$4:$ED$4, precondition))) * (K30:ED30=TRUE))), enhance, mitigation ), 1 ) ) ) ) * EE30"),0.85) -> 0.85 | EV30: =H30 * EU30 * 0.8 -> 12580 | EW30: =IFERROR(__xludf.DUMMYFUNCTION("PRODUCT( MAP( K$3:ED$3, K$14:ED$14, K$13:ED$13, K30:ED30, LAMBDA( job, buff, target, check, IF( OR(AND(check=TRUE, REGEXMATCH(target, ""SELF_AFFECTED_ALL""), job=""ナイト""), AND(check=O"&"ption!$E$13, REGEXMATCH(target, ""SINGLE_AFFECTED_ALL""))), buff, 1 ) ) ) )"),1.0) -> 1 | EX30: =IFERROR(__xludf.DUMMYFUNCTION("SUM( MAP( K$3:ED$3, K$7:ED$7, K$15:ED$15, K$16:ED$16, K$21:ED$21, K$5:ED$5, K$17:ED$17, K30:ED30, LAMBDA( job, abillity, buff, barrier, enhance, assign, preco"&"ndition, check, IF( OR(AND(check=TRUE, REGEXMATCH(assign, ""SELF""), job=""ナイト""), AND(check=Option!$E$13, REGEXMATCH(assign, ""SINGLE_PARTY""))), IF( OR(ARRAYFORMULA((IF(precondition="""", FALSE, REGEXMATCH($K$4"&":$ED$4, precondition))) * (K30:ED30=TRUE))), enhance, IF(barrier="""", buff, barrier) ), 0 ) * SWITCH( job, ""暗黒騎士"", EY$24, ""白魔道士"", EF30 * EH30 * EW30 * IF(abillity, 1, EG"&"30 * EI30) * (Option!$D$22 * 0.81 / 100), ""占星術師"", EF30 * EJ30 * EW30 * IF(abillity, 1, EG30 * EK30) * (Option!$D$23 * 0.81 / 100), ""学者"", EF30 * EL30 * EW30 * IF(abillity, 1, EG30 * EM30) * (Option!$D$24 * 0.81 / 100), ""賢者"""&", EF30 * EN30 * EW30 * IF(abillity, 1, EG30 * EO30) * (Option!$D$25 * 0.81 / 100), 1 ) ) ) ) + EQ30"),22580.0) -> 22580 | EY30: =MAX(EV30 - EX30, 0) -> 0 | EZ30: =IFERROR(__xludf.DUMMYFUNCTION("PRODUCT( MAP( IF($F30=""Physical"", K$10:ED$10, IF($F30=""Magic"", K$11:ED$11, K$12:ED$12)), IF($F30=""Physical"", K$18:ED$18, IF($F30=""Magic"", K$19:ED$19, K$20:ED$20)), K$3:ED$3, K$5:ED$5, K$17:ED$17, K30:ED30, LAM"&"BDA( mitigation, enhance, job, assign, precondition, check, IF( OR(AND(check=TRUE, REGEXMATCH(assign, ""SELF""), job=""戦士""), AND(check=Option!$F$13, REGEXMATCH(assign, ""SINGLE_PARTY""))), "&" IF( OR(ARRAYFORMULA((IF(precondition="""", FALSE, REGEXMATCH($K$4:$ED$4, precondition))) * (K30:ED30=TRUE))), enhance, mitigation ), 1 ) ) ) ) * EE30"),0.85) -> 0.85 | FA30: =H30 * EZ30 * 0.8 -> 12580 | FB30: =IFERROR(__xludf.DUMMYFUNCTION("PRODUCT( MAP( K$3:ED$3, K$14:ED$14, K$13:ED$13, K30:ED30, LAMBDA( job, buff, target, check, IF( OR(AND(check=TRUE, REGEXMATCH(target, ""SELF_AFFECTED_ALL""), job=""戦士""), AND(check=Op"&"tion!$F$13, REGEXMATCH(target, ""SINGLE_AFFECTED_ALL""))), buff, 1 ) ) ) )"),1.0) -> 1 | FC30: =IFERROR(__xludf.DUMMYFUNCTION("SUM( MAP( K$3:ED$3, K$7:ED$7, K$15:ED$15, K$16:ED$16, K$21:ED$21, K$5:ED$5, K$17:ED$17, K30:ED30, LAMBDA( job, abillity, buff, barrier, enhance, assign, preco"&"ndition, check, IF( OR(AND(check=TRUE, REGEXMATCH(assign, ""SELF""), job=""戦士""), AND(check=Option!$F$13, REGEXMATCH(assign, ""SINGLE_PARTY""))), IF( OR(ARRAYFORMULA((IF(precondition="""", FALSE, REGEXMATCH($K$4:"&"$ED$4, precondition))) * (K30:ED30=TRUE))), enhance, IF(barrier="""", buff, barrier) ), 0 ) * SWITCH( job, ""暗黒騎士"", FD$24, ""白魔道士"", EF30 * EH30 * FB30 * IF(abillity, 1, EG3"&"0 * EI30) * (Option!$D$22 * 0.81 / 100), ""占星術師"", EF30 * EJ30 * FFB30 * IF(abillity, 1, EG30 * EK30) * (Option!$D$23 * 0.81 / 100), ""学者"", EF30 * EL30 * FB30 * IF(abillity, 1, EG30 * EM30) * (Option!$D$24 * 0.81 / 100), ""賢者"""&", EF30 * EN30 * FB30 * IF(abillity, 1, EG30 * EO30) * (Option!$D$25 * 0.81 / 100), 1 ) ) ) ) + EQ30"),22580.0) -> 22580 | FD30: =MAX(FA30 - FC30, 0) -> 0 | FE30: =IFERROR(__xludf.DUMMYFUNCTION("PRODUCT( MAP( IF($F30=""Physical"", K$10:ED$10, IF($F30=""Magic"", K$11:ED$11, K$12:ED$12)), IF($F30=""Physical"", K$18:ED$18, IF($F30=""Magic"", K$19:ED$19, K$20:ED$20)), K$3:ED$3, K$5:ED$5, K$17:ED$17, K30:ED30, LAM"&"BDA( mitigation, enhance, job, assign, precondition, check, IF( OR(AND(check=TRUE, REGEXMATCH(assign, ""SELF""), job=""暗黒騎士""), AND(check=Option!$G$13, REGEXMATCH(assign, ""SINGLE_PARTY""))), "&" IF( OR(ARRAYFORMULA((IF(precondition="""", FALSE, REGEXMATCH($K$4:$ED$4, precondition))) * (K30:ED30=TRUE))), enhance, mitigation ), 1 ) ) ) ) * EE30"),0.85) -> 0.85 | FF30: =H30 * FE30 * 0.8 -> 12580 | FG30: =IFERROR(__xludf.DUMMYFUNCTION("PRODUCT( MAP( K$3:ED$3, K$14:ED$14, K$13:ED$13, K30:ED30, LAMBDA( job, buff, target, check, IF( OR(AND(check=TRUE, REGEXMATCH(target, ""SELF_AFFECTED_ALL""), job=""暗黒騎士""), AND(check="&"Option!$G$13, REGEXMATCH(target, ""SINGLE_AFFECTED_ALL""))), buff, 1 ) ) ) )"),1.0) -> 1 | FH30: =IFERROR(__xludf.DUMMYFUNCTION("SUM( MAP( K$3:ED$3, K$7:ED$7, K$15:ED$15, K$16:ED$16, K$21:ED$21, K$5:ED$5, K$17:ED$17, K30:ED30, LAMBDA( job, abillity, buff, barrier, enhance, assign, preco"&"ndition, check, IF( OR(AND(check=TRUE, REGEXMATCH(assign, ""SELF""), job=""暗黒騎士""), AND(check=Option!$G$13, REGEXMATCH(assign, ""SINGLE_PARTY""))), IF( OR(ARRAYFORMULA((IF(precondition="""", FALSE, REGEXMATCH($K$"&"4:$ED$4, precondition))) * (K30:ED30=TRUE))), enhance, IF(barrier="""", buff, barrier) ), 0 ) * SWITCH( job, ""暗黒騎士"", FI$24, ""白魔道士"", EF30 * EH30 * FG30 * IF(abillity, 1, E"&"G30 * EI30) * (Option!$D$22 * 0.81 / 100), ""占星術師"", EF30 * EJ30 * FG30 * IF(abillity, 1, EG30 * EK30) * (Option!$D$23 * 0.81 / 100), ""学者"", EF30 * EL30 * FG30 * IF(abillity, 1, EG30 * EM30) * (Option!$D$24 * 0.81 / 100), ""賢者"&""", EF30 * EN30 * FG30 * IF(abillity, 1, EG30 * EO30) * (Option!$D$25 * 0.81 / 100), 1 ) ) ) ) + EQ30"),22580.0) -> 22580 | FI30: =MAX(FF30 - FH30, 0) -> 0 | FJ30: =IFERROR(__xludf.DUMMYFUNCTION("PRODUCT( MAP( IF($F30=""Physical"", K$10:ED$10, IF($F30=""Magic"", K$11:ED$11, K$12:ED$12)), IF($F30=""Physical"", K$18:ED$18, IF($F30=""Magic"", K$19:ED$19, K$20:ED$20)), K$3:ED$3, K$5:ED$5, K$17:ED$17, K30:ED30, LAM"&"BDA( mitigation, enhance, job, assign, precondition, check, IF( OR(AND(check=TRUE, REGEXMATCH(assign, ""SELF""), job=""ガンブレイカー""), AND(check=Option!$H$13, REGEXMATCH(assign, ""SINGLE_PARTY""))), "&" IF( OR(ARRAYFORMULA((IF(precondition="""", FALSE, REGEXMATCH($K$4:$ED$4, precondition))) * (K30:ED30=TRUE))), enhance, mitigation ), 1 ) ) ) ) * EE30"),0.85) -> 0.85 | FK30: =H30 * FJ30 * 0.8 -> 12580 | FL30: =IFERROR(__xludf.DUMMYFUNCTION("PRODUCT( MAP( K$3:ED$3, K$14:ED$14, K$13:ED$13, K30:ED30, LAMBDA( job, buff, target, check, IF( OR(AND(check=TRUE, REGEXMATCH(target, ""SELF_AFFECTED_ALL""), job=""ガンブレイカー""), AND(che"&"ck=Option!$H$13, REGEXMATCH(target, ""SINGLE_AFFECTED_ALL""))), buff, 1 ) ) ) )"),1.0) -> 1 | FM30: =IFERROR(__xludf.DUMMYFUNCTION("SUM( MAP( K$3:ED$3, K$7:ED$7, K$15:ED$15, K$16:ED$16, K$21:ED$21, K$5:ED$5, K$17:ED$17, K30:ED30, LAMBDA( job, abillity, buff, barrier, enhance, assign, preco"&"ndition, check, IF( OR(AND(check=TRUE, REGEXMATCH(assign, ""SELF""), job=""ガンブレイカー""), AND(check=Option!$H$13, REGEXMATCH(assign, ""SINGLE_PARTY""))), IF( OR(ARRAYFORMULA((IF(precondition="""", FALSE, REGEXMATCH("&"$K$4:$ED$4, precondition))) * (K30:ED30=TRUE))), enhance, IF(barrier="""", buff, barrier) ), 0 ) * SWITCH( job, ""暗黒騎士"", FN$24, ""白魔道士"", EF30 * EH30 * FL30 * IF(abillity, 1"&", EG30 * EI30) * (Option!$D$22 * 0.81 / 100), ""占星術師"", EF30 * EJ30 * FL30 * IF(abillity, 1, EG30 * EK30) * (Option!$D$23 * 0.81 / 100), ""学者"", EF30 * EL30 * FL30 * IF(abillity, 1, EG30 * EM30) * (Option!$D$24 * 0.81 / 100), """&"賢者"", EF30 * EN30 * FL30 * IF(abillity, 1, EG30 * EO30) * (Option!$D$25 * 0.81 / 100), 1 ) ) ) ) + EQ30"),22580.0) -> 22580 | FN30: =MAX(FK30 - FM30, 0) -> 0
C31: =IFERROR(C$3+D31, D31) -> 0.00027777778 | D31: 0.00027777778 | E31: Death sentence | F31: Physical | H31: 22500 | K31: FALSE | L31: FALSE | M31: TRUE | N31: - | O31: FALSE | P31: FALSE | Q31: FALSE | R31: FALSE | S31: FALSE | T31: FALSE | U31: FALSE | V31: - | W31: FALSE | X31: FALSE | Y31: FALSE | Z31: FALSE | AA31: FALSE | AB31: FALSE | AC31: FALSE | AD31: FALSE | AE31: - | AF31: - | AG31: =IFERROR(__xludf.DUMMYFUNCTION("IF( ISNUMBER(AG30), MIN(MAX( AG30 + MAX( ROUNDDOWN(($D31 - MAX(IFERROR(FILTER($D$24:$D30, AG$24:AG30 <> AF$6, AG$23:AG29 = AF$6), 0))) * (60 * 60 * 24) / AF$9) - ROUNDDOWN(($D30 - MAX(IFERROR(FILTER($D$23:$D29, AG$23:AG29 <> AF$6, AG$22:"&"AG28 = AF$6), 0))) * (60 * 60 * 24) / 60), 0 ) - COUNTIF(AF31, ""<>-""), 0), AF$6), AF$6 - COUNTIF(AF31, ""<>-"") )"),2.0) -> 2 | AH31: FALSE | AI31: FALSE | AJ31: FALSE | AK31: FALSE | AL31: FALSE | AM31: FALSE | AN31: - | AO31: FALSE | AP31: FALSE | AQ31: FALSE | AR31: FALSE | AS31: FALSE | AT31: FALSE | AU31: FALSE | AV31: FALSE | AW31: FALSE | AX31: FALSE | AY31: - | AZ31: - | BA31: =IFERROR(__xludf.DUMMYFUNCTION("IF( ISNUMBER(BA30), MIN(MAX( BA30 + MAX( ROUNDDOWN((D31 - MAX(IFERROR(FILTER(D$24:D30, BA$24:BA30 <> AZ$6, BA$23:BA29 = AZ$6), 0))) * (60 * 60 * 24) / AZ$9) - ROUNDDOWN((D30 - MAX(IFERROR(FILTER(D$23:D29, BA$23:BA29 <> AZ$6, BA$22:BA28 ="&" AZ$6), 0))) * (60 * 60 * 24) / AZ$9), 0 ) - COUNTIF(AZ31, ""<>-""), 0), AZ$6), AZ$6 - COUNTIF(AZ31, ""<>-"") )"),2.0) -> 2 | BB31: - | BC31: =IFERROR(__xludf.DUMMYFUNCTION("IF( ISNUMBER(BC30), MIN(MAX( BC30 + MAX( ROUNDDOWN(($D31 - MAX(IFERROR(FILTER($D$24:$D30, BC$24:BC30 <> BB$6, BC$23:BC29 = BB$6), 0))) * (60 * 60 * 24) / BB$9) - ROUNDDOWN(($D30 - MAX(IFERROR(FILTER($D$23:$D29, BC$23:BC29 <> BB$6, BC$22:"&"BC28 = BB$6), 0))) * (60 * 60 * 24) / 60), 0 ) - COUNTIF(BB31, ""<>-""), 0), BB$6), BB$6 - COUNTIF(BB31, ""<>-"") )"),2.0) -> 2 | BD31: - | BE31: FALSE | BF31: FALSE | BG31: FALSE | BH31: FALSE | BI31: FALSE | BJ31: FALSE | BK31: FALSE | BL31: FALSE | BM31: FALSE | BN31: FALSE | BO31: - | BP31: - | BQ31: - | BR31: - | BS31: - | BT31: =IFERROR(__xludf.DUMMYFUNCTION("IF( ISNUMBER(BT30), MIN(MAX( BT30 + MAX( ROUNDDOWN((D31 - MAX(IFERROR(FILTER(D$24:D30, BT$24:BT30 <> BS$6, BT$23:BT29 = BS$6), 0))) * (60 * 60 * 24) / BS$9) - ROUNDDOWN((D30 - MAX(IFERROR(FILTER(D$23:D29, BT$23:BT29 <> BS$6, BT$22:BT28 ="&" BS$6), 0))) * (60 * 60 * 24) / BS$9), 0 ) - COUNTIF(BS31, ""<>-""), 0), BS$6), BS$6 - COUNTIF(BS31, ""<>-"") )"),3.0) -> 3 | BU31: - | BV31: - | BW31: =IFERROR(__xludf.DUMMYFUNCTION("IF( ISNUMBER(BW30), MIN(MAX( BW30 + MAX( ROUNDDOWN((D31 - MAX(IFERROR(FILTER(D$24:D30, BW$24:BW30 <> BV$6, BW$23:BW29 = BV$6), 0))) * (60 * 60 * 24) / BV$9) - ROUNDDOWN((D30 - MAX(IFERROR(FILTER(D$23:D29, BW$23:BW29 <> BV$6, BW$22:BW28 ="&" BV$6), 0))) * (60 * 60 * 24) / BV$9), 0 ) - COUNTIF(BV31, ""<>-""), 0), BV$6), BV$6 - COUNTIF(BV31, ""<>-"") )"),2.0) -> 2 | BX31: - | BY31: FALSE | BZ31: FALSE | CA31: FALSE | CB31: FALSE | CC31: FALSE | CD31: FALSE | CE31: FALSE | CF31: FALSE | CG31: FALSE | CH31: FALSE | CI31: FALSE | CJ31: FALSE | CK31: FALSE | CL31: FALSE | CM31: - | CN31: - | CO31: - | CP31: - | CQ31: - | CR31: FALSE | CS31: =SWITCH( IF(OR(AND(CI31, CI30<>TRUE), CR31), 3, IF(ISTEXT(CS30), FIND("◇", CS30&"◇") - 1, 0)) - COUNTIFS({BZ31,CE31}, "=TRUE", {BZ30,CE30}, "<>TRUE") - COUNTIF({CN31,CQ31}, "<>-") + IF(COUNTIFS({BZ31,CE31}, "=TRUE", {BZ30,CE30}, "<>TRUE") + COUNTIF({CN31,CQ31}, "<>-"), COUNTIFS(CJ31, "=TRUE", CJ30, "<>TRUE"), 0), 0, "◇◇◇", 1, "◆◇◇", 2, "◆◆◇", 3, "◆◆◆", "◇◇◇" ) -> ◇◇◇ | CT31: FALSE | CU31: FALSE | CV31: FALSE | CW31: FALSE | CX31: FALSE | CY31: FALSE | CZ31: FALSE | DA31: FALSE | DB31: FALSE | DC31: FALSE | DD31: - | DE31: - | DF31: - | DG31: - | DH31: FALSE | DI31: =IFERROR(__xludf.DUMMYFUNCTION("SWITCH( IF( ISTEXT(DI30), IF ( FIND(""○"", DI30&""○"") > 3, 3, FIND(""○"", DI30&""○"") + MAX( ROUNDDOWN(($D31 - MAX(IFERROR(FILTER(D$24:D30, DI$24:DI30 <> ""●●●"", DI$23:DI29 = ""●●●""), 0))) * (60 * 60 * 24) / 20"&") - ROUNDDOWN(($D30 - MAX(IFERROR(FILTER(D$23:D29, DI$23:DI29 <> ""●●●"", DI$22:DI28 = ""●●●""), 0))) * (60 * 60 * 24) / 20), 0 ) - 1 ) - COUNTIFS(CU31, ""=TRUE"", CU30, ""<>TRUE"") - COUNTIF(CZ31, ""=TRUE"") - COUNTIF({DD31,DE31}, ""<>-"&""") + COUNTIF(DH31, ""=TRUE""), 3 ), 0, ""○○○"", 1, ""●○○"", 2, ""●●○"", 3, ""●●●"", 4, ""●●●"", ""○○○"" )"),"●●●") -> ●●● | DJ31: FALSE | DK31: FALSE | DL31: FALSE | DM31: FALSE | DN31: FALSE | DO31: FALSE | DP31: FALSE | DQ31: TRUE | DR31: FALSE | DS31: FALSE | DT31: FALSE | DU31: FALSE | DV31: - | DW31: FALSE | DX31: FALSE | DY31: FALSE | DZ31: FALSE | EA31: FALSE | EB31: FALSE | EC31: FALSE | ED31: FALSE | EE31: =IFERROR(__xludf.DUMMYFUNCTION("IFERROR( PRODUCT( MAP( INDEX(TRANSPOSE(UNIQUE(TRANSPOSE(FILTER({IF($F31=""Physical"", K$10:ED$10, IF($F31=""Magic"", K$11:ED$11, K$12:ED$12));K$4:ED$4;K31:ED31}, K31:ED31=TRUE)))), 1, 0), INDEX(TRANSPOSE(UNIQUE(TRANSPOSE(FILTER({IF($"&"F31=""Physical"", K$18:ED$18, IF($F31=""Magic"", K$19:ED$19, K$20:ED$20));K$4:ED$4;K31:ED31}, K31:ED31=TRUE)))), 1, 0), INDEX(TRANSPOSE(UNIQUE(TRANSPOSE(FILTER({K$5:ED$5;K$4:ED$4;K31:ED31}, K31:ED31=TRUE)))), 1, 0), INDEX(TRANSPOSE(UNIQUE(TR"&"ANSPOSE(FILTER({K$17:ED$17;K$4:ED$4;K31:ED31}, K31:ED31=TRUE)))), 1, 0), LAMBDA( mitigation, enhance, assign, precondition, IF( REGEXMATCH(assign, ""RANGE_PARTY|SINGLE_ENEMY|RANGE_ENEMY""), "&" IF( OR(ARRAYFORMULA((IF(precondition="""", FALSE, REGEXMATCH(K$4:ED$4, precondition))) * (K31:ED31=TRUE))), IF(ISNUMBER(enhance), enhance, 1), IF(ISNUMBER(mitigation), mitigation, 1) ), "&" 1 ) ) ) ), 1 )"),0.85) -> 0.85 | EF31: =IFERROR(__xludf.DUMMYFUNCTION("PRODUCT( MAP( K$14:ED$14, K$13:ED$13, K31:ED31, LAMBDA( buff, target, check, IF( AND(check=TRUE, REGEXMATCH(target, ""RANGE_AFFECTED_ALL|RANGE_EFFECTED_ALL""), ISNUMBER(buff)), buff, "&" 1 ) ) ) )"),1.0) -> 1 | EG31: =IFERROR(__xludf.DUMMYFUNCTION("PRODUCT( MAP( K$14:ED$14, K$13:ED$13, K31:ED31, LAMBDA( buff, target, check, IF( AND(check=TRUE, REGEXMATCH(target, ""RANGE_AFFECTED_GCD|RANGE_EFFECTED_GCD""), ISNUMBER(buff)), buff, "&" 1 ) ) ) )"),1.0) -> 1 | EH31: =IFERROR(__xludf.DUMMYFUNCTION("PRODUCT( MAP( K$3:ED$3, K$14:ED$14, K$13:ED$13, K31:ED31, LAMBDA( job, buff, target, check, IF( AND(check=TRUE, REGEXMATCH(target, ""SELF_EFFECTED_ALL""), ISNUMBER(buff), job=""白魔道士"""&"), buff, 1 ) ) ) )"),1.0) -> 1 | EI31: =IFERROR(__xludf.DUMMYFUNCTION("PRODUCT( MAP( K$3:ED$3, K$14:ED$14, K$13:ED$13, K31:ED31, LAMBDA( job, buff, target, check, IF( AND(check=TRUE, REGEXMATCH(target, ""SELF_EFFECTED_GCD""), ISNUMBER(buff), job=""白魔道士"""&"), buff, 1 ) ) ) )"),1.0) -> 1 | EJ31: =IFERROR(__xludf.DUMMYFUNCTION("PRODUCT( MAP( K$3:ED$3, K$14:ED$14, K$13:ED$13, K31:ED31, LAMBDA( job, buff, target, check, IF( AND(check=TRUE, REGEXMATCH(target, ""SELF_EFFECTED_ALL""), ISNUMBER(buff), job=""占星術師"""&"), buff, 1 ) ) ) )"),1.0) -> 1 | EK31: =IFERROR(__xludf.DUMMYFUNCTION("PRODUCT( MAP( K$3:ED$3, K$14:ED$14, K$13:ED$13, K31:ED31, LAMBDA( job, buff, target, check, IF( AND(check=TRUE, REGEXMATCH(target, ""SELF_EFFECTED_GCD""), ISNUMBER(buff), job=""占星術師"""&"), buff, 1 ) ) ) )"),1.0) -> 1 | EL31: =IFERROR(__xludf.DUMMYFUNCTION("PRODUCT( MAP( K$3:ED$3, K$14:ED$14, K$13:ED$13, K31:ED31, LAMBDA( job, buff, target, check, IF( AND(check=TRUE, REGEXMATCH(target, ""SELF_EFFECTED_ALL""), ISNUMBER(buff), job=""学者""),"&" buff, 1 ) ) ) )"),1.0) -> 1 | EM31: =IFERROR(__xludf.DUMMYFUNCTION("PRODUCT( MAP( K$3:ED$3, K$14:ED$14, K$13:ED$13, K31:ED31, LAMBDA( job, buff, target, check, IF( AND(check=TRUE, REGEXMATCH(target, ""SELF_EFFECTED_GCD""), ISNUMBER(buff), job=""学者""),"&" buff, 1 ) ) ) )"),1.0) -> 1 | EN31: =IFERROR(__xludf.DUMMYFUNCTION("PRODUCT( MAP( K$3:ED$3, K$14:ED$14, K$13:ED$13, K31:ED31, LAMBDA( job, buff, target, check, IF( AND(check=TRUE, REGEXMATCH(target, ""SELF_EFFECTED_ALL""), ISNUMBER(buff), job=""賢者""),"&" buff, 1 ) ) ) )"),1.0) -> 1 | EO31: =IFERROR(__xludf.DUMMYFUNCTION("PRODUCT( MAP( K$3:ED$3, K$14:ED$14, K$13:ED$13, K31:ED31, LAMBDA( job, buff, target, check, IF( AND(check=TRUE, REGEXMATCH(target, ""SELF_EFFECTED_GCD""), ISNUMBER(buff), job=""賢者""),"&" buff, 1 ) ) ) )"),1.0) -> 1 | EP31: =H31*EE31 -> 19125 | EQ31: =IFERROR(__xludf.DUMMYFUNCTION("SUM( MAP( K$4:ED$4, K$3:ED$3, K$7:ED$7, K$15:ED$15, K$16:ED$16, K$21:ED$21, K$5:ED$5, K$17:ED$17, K31:ED31, LAMBDA( name, job, abillity, buff, barrier, enhance,"&" assign, precondition, check, SWITCH( name, ""シェイクオフ"", IF(check=TRUE, buff + (0.02 * COUNTIF(ARRAYFORMULA((REGEXMATCH($K$4:$ED$4, ""スリル・オブ・バトル|ヴェンジェンス|原初の血気|ダムネーション"")) * (K31:ED31=TRUE)), 1)), 0), "&"""インプロビゼーションフィニッシュ(踊りの激情0)"", IF(ISNUMBER(check), INDEX(Skill!$AJ:$AJ, MATCH(SUBSTITUTE(DV$4, 0, check), Skill!$C:$C, 0)), 0), IF( AND(check=TRUE, REGEXMATCH(assign, ""RANGE_PARTY"")), IF( OR(ARRAYFORMULA((IF(pr"&"econdition="""", FALSE, REGEXMATCH($K$4:$ED$4, precondition))) * (K31:ED31=TRUE))), enhance, IF(barrier="""", buff, barrier) ), 0 ) ) * SWITCH( job, ""ナイト"", EY$24, "&" ""戦士"", FD$24, ""踊り子"", ET$24, ""ピクトマンサー"", ET$24, ""白魔道士"", EF31 * EH31 * IF(abillity, 1, EG31 * EI31) * (Option!$D$22 * 0.81 / 100), ""占星術師"", EF31 * EJ31 * IF(abillity, 1, EG31 * EK31) * (Option!$D$23 * 0.81 "&"/ 100), ""学者"", EF31 * EL31 * IF(abillity, 1, EG31 * EM31) * (Option!$D$24 * 0.81 / 100), ""賢者"", EF31 * EN31 * IF(abillity, 1, EG31 * EO31) * (Option!$D$25 * 0.81 / 100), 1 ) ) ) )"),22580.0) -> 22580 | ER31: =IF(EP31 < EQ31, 0, EP31 - EQ31) -> 0 | ES31: =I31*J31*EE31 -> 0 | ET31: =IFERROR(__xludf.DUMMYFUNCTION("IFS( EP31 > $ET$24 + EQ31, SPARKLINE({ 1, 0 }, {""charttype"",""bar"";""max"", 1;""color1"",Option!$D$30;""color2"",Option!$D$30}), EP31 < EQ31, SPARKLINE({EQ31 - EP31, $ET$24 - (EQ31 - EP31)}, {""charttype"",""bar"";""max"",$ET$24;""color1"",Opti"&"on!$D$28;""color2"",Option!$D$29}), EP31 >= EQ31, SPARKLINE({$ET$24 + EQ31 - EP31,EP31 - EQ31}, {""charttype"",""bar"";""max"",$ET$24;""color1"",Option!$D$29;""color2"",Option!$D$30}) )"),"") | EU31: =IFERROR(__xludf.DUMMYFUNCTION("PRODUCT( MAP( IF($F31=""Physical"", K$10:ED$10, IF($F31=""Magic"", K$11:ED$11, K$12:ED$12)), IF($F31=""Physical"", K$18:ED$18, IF($F31=""Magic"", K$19:ED$19, K$20:ED$20)), K$3:ED$3, K$5:ED$5, K$17:ED$17, K31:ED31, LAM"&"BDA( mitigation, enhance, job, assign, precondition, check, IF( OR(AND(check=TRUE, REGEXMATCH(assign, ""SELF""), job=""ナイト""), AND(check=Option!$E$13, REGEXMATCH(assign, ""SINGLE_PARTY""))), "&" IF( OR(ARRAYFORMULA((IF(precondition="""", FALSE, REGEXMATCH($K$4:$ED$4, precondition))) * (K31:ED31=TRUE))), enhance, mitigation ), 1 ) ) ) ) * EE31"),0.85) -> 0.85 | EV31: =H31 * EU31 * 0.8 -> 15300 | EW31: =IFERROR(__xludf.DUMMYFUNCTION("PRODUCT( MAP( K$3:ED$3, K$14:ED$14, K$13:ED$13, K31:ED31, LAMBDA( job, buff, target, check, IF( OR(AND(check=TRUE, REGEXMATCH(target, ""SELF_AFFECTED_ALL""), job=""ナイト""), AND(check=O"&"ption!$E$13, REGEXMATCH(target, ""SINGLE_AFFECTED_ALL""))), buff, 1 ) ) ) )"),1.0) -> 1 | EX31: =IFERROR(__xludf.DUMMYFUNCTION("SUM( MAP( K$3:ED$3, K$7:ED$7, K$15:ED$15, K$16:ED$16, K$21:ED$21, K$5:ED$5, K$17:ED$17, K31:ED31, LAMBDA( job, abillity, buff, barrier, enhance, assign, preco"&"ndition, check, IF( OR(AND(check=TRUE, REGEXMATCH(assign, ""SELF""), job=""ナイト""), AND(check=Option!$E$13, REGEXMATCH(assign, ""SINGLE_PARTY""))), IF( OR(ARRAYFORMULA((IF(precondition="""", FALSE, REGEXMATCH($K$4"&":$ED$4, precondition))) * (K31:ED31=TRUE))), enhance, IF(barrier="""", buff, barrier) ), 0 ) * SWITCH( job, ""暗黒騎士"", EY$24, ""白魔道士"", EF31 * EH31 * EW31 * IF(abillity, 1, EG"&"31 * EI31) * (Option!$D$22 * 0.81 / 100), ""占星術師"", EF31 * EJ31 * EW31 * IF(abillity, 1, EG31 * EK31) * (Option!$D$23 * 0.81 / 100), ""学者"", EF31 * EL31 * EW31 * IF(abillity, 1, EG31 * EM31) * (Option!$D$24 * 0.81 / 100), ""賢者"""&", EF31 * EN31 * EW31 * IF(abillity, 1, EG31 * EO31) * (Option!$D$25 * 0.81 / 100), 1 ) ) ) ) + EQ31"),22580.0) -> 22580 | EY31: =MAX(EV31 - EX31, 0) -> 0 | EZ31: =IFERROR(__xludf.DUMMYFUNCTION("PRODUCT( MAP( IF($F31=""Physical"", K$10:ED$10, IF($F31=""Magic"", K$11:ED$11, K$12:ED$12)), IF($F31=""Physical"", K$18:ED$18, IF($F31=""Magic"", K$19:ED$19, K$20:ED$20)), K$3:ED$3, K$5:ED$5, K$17:ED$17, K31:ED31, LAM"&"BDA( mitigation, enhance, job, assign, precondition, check, IF( OR(AND(check=TRUE, REGEXMATCH(assign, ""SELF""), job=""戦士""), AND(check=Option!$F$13, REGEXMATCH(assign, ""SINGLE_PARTY""))), "&" IF( OR(ARRAYFORMULA((IF(precondition="""", FALSE, REGEXMATCH($K$4:$ED$4, precondition))) * (K31:ED31=TRUE))), enhance, mitigation ), 1 ) ) ) ) * EE31"),0.85) -> 0.85 | FA31: =H31 * EZ31 * 0.8 -> 15300 | FB31: =IFERROR(__xludf.DUMMYFUNCTION("PRODUCT( MAP( K$3:ED$3, K$14:ED$14, K$13:ED$13, K31:ED31, LAMBDA( job, buff, target, check, IF( OR(AND(check=TRUE, REGEXMATCH(target, ""SELF_AFFECTED_ALL""), job=""戦士""), AND(check=Op"&"tion!$F$13, REGEXMATCH(target, ""SINGLE_AFFECTED_ALL""))), buff, 1 ) ) ) )"),1.0) -> 1 | FC31: =IFERROR(__xludf.DUMMYFUNCTION("SUM( MAP( K$3:ED$3, K$7:ED$7, K$15:ED$15, K$16:ED$16, K$21:ED$21, K$5:ED$5, K$17:ED$17, K31:ED31, LAMBDA( job, abillity, buff, barrier, enhance, assign, preco"&"ndition, check, IF( OR(AND(check=TRUE, REGEXMATCH(assign, ""SELF""), job=""戦士""), AND(check=Option!$F$13, REGEXMATCH(assign, ""SINGLE_PARTY""))), IF( OR(ARRAYFORMULA((IF(precondition="""", FALSE, REGEXMATCH($K$4:"&"$ED$4, precondition))) * (K31:ED31=TRUE))), enhance, IF(barrier="""", buff, barrier) ), 0 ) * SWITCH( job, ""暗黒騎士"", FD$24, ""白魔道士"", EF31 * EH31 * FB31 * IF(abillity, 1, EG3"&"1 * EI31) * (Option!$D$22 * 0.81 / 100), ""占星術師"", EF31 * EJ31 * FFB31 * IF(abillity, 1, EG31 * EK31) * (Option!$D$23 * 0.81 / 100), ""学者"", EF31 * EL31 * FB31 * IF(abillity, 1, EG31 * EM31) * (Option!$D$24 * 0.81 / 100), ""賢者"""&", EF31 * EN31 * FB31 * IF(abillity, 1, EG31 * EO31) * (Option!$D$25 * 0.81 / 100), 1 ) ) ) ) + EQ31"),22580.0) -> 22580 | FD31: =MAX(FA31 - FC31, 0) -> 0 | FE31: =IFERROR(__xludf.DUMMYFUNCTION("PRODUCT( MAP( IF($F31=""Physical"", K$10:ED$10, IF($F31=""Magic"", K$11:ED$11, K$12:ED$12)), IF($F31=""Physical"", K$18:ED$18, IF($F31=""Magic"", K$19:ED$19, K$20:ED$20)), K$3:ED$3, K$5:ED$5, K$17:ED$17, K31:ED31, LAM"&"BDA( mitigation, enhance, job, assign, precondition, check, IF( OR(AND(check=TRUE, REGEXMATCH(assign, ""SELF""), job=""暗黒騎士""), AND(check=Option!$G$13, REGEXMATCH(assign, ""SINGLE_PARTY""))), "&" IF( OR(ARRAYFORMULA((IF(precondition="""", FALSE, REGEXMATCH($K$4:$ED$4, precondition))) * (K31:ED31=TRUE))), enhance, mitigation ), 1 ) ) ) ) * EE31"),0.85) -> 0.85 | FF31: =H31 * FE31 * 0.8 -> 15300 | FG31: =IFERROR(__xludf.DUMMYFUNCTION("PRODUCT( MAP( K$3:ED$3, K$14:ED$14, K$13:ED$13, K31:ED31, LAMBDA( job, buff, target, check, IF( OR(AND(check=TRUE, REGEXMATCH(target, ""SELF_AFFECTED_ALL""), job=""暗黒騎士""), AND(check="&"Option!$G$13, REGEXMATCH(target, ""SINGLE_AFFECTED_ALL""))), buff, 1 ) ) ) )"),1.0) -> 1 | FH31: =IFERROR(__xludf.DUMMYFUNCTION("SUM( MAP( K$3:ED$3, K$7:ED$7, K$15:ED$15, K$16:ED$16, K$21:ED$21, K$5:ED$5, K$17:ED$17, K31:ED31, LAMBDA( job, abillity, buff, barrier, enhance, assign, preco"&"ndition, check, IF( OR(AND(check=TRUE, REGEXMATCH(assign, ""SELF""), job=""暗黒騎士""), AND(check=Option!$G$13, REGEXMATCH(assign, ""SINGLE_PARTY""))), IF( OR(ARRAYFORMULA((IF(precondition="""", FALSE, REGEXMATCH($K$"&"4:$ED$4, precondition))) * (K31:ED31=TRUE))), enhance, IF(barrier="""", buff, barrier) ), 0 ) * SWITCH( job, ""暗黒騎士"", FI$24, ""白魔道士"", EF31 * EH31 * FG31 * IF(abillity, 1, E"&"G31 * EI31) * (Option!$D$22 * 0.81 / 100), ""占星術師"", EF31 * EJ31 * FG31 * IF(abillity, 1, EG31 * EK31) * (Option!$D$23 * 0.81 / 100), ""学者"", EF31 * EL31 * FG31 * IF(abillity, 1, EG31 * EM31) * (Option!$D$24 * 0.81 / 100), ""賢者"&""", EF31 * EN31 * FG31 * IF(abillity, 1, EG31 * EO31) * (Option!$D$25 * 0.81 / 100), 1 ) ) ) ) + EQ31"),22580.0) -> 22580 | FI31: =MAX(FF31 - FH31, 0) -> 0 | FJ31: =IFERROR(__xludf.DUMMYFUNCTION("PRODUCT( MAP( IF($F31=""Physical"", K$10:ED$10, IF($F31=""Magic"", K$11:ED$11, K$12:ED$12)), IF($F31=""Physical"", K$18:ED$18, IF($F31=""Magic"", K$19:ED$19, K$20:ED$20)), K$3:ED$3, K$5:ED$5, K$17:ED$17, K31:ED31, LAM"&"BDA( mitigation, enhance, job, assign, precondition, check, IF( OR(AND(check=TRUE, REGEXMATCH(assign, ""SELF""), job=""ガンブレイカー""), AND(check=Option!$H$13, REGEXMATCH(assign, ""SINGLE_PARTY""))), "&" IF( OR(ARRAYFORMULA((IF(precondition="""", FALSE, REGEXMATCH($K$4:$ED$4, precondition))) * (K31:ED31=TRUE))), enhance, mitigation ), 1 ) ) ) ) * EE31"),0.85) -> 0.85 | FK31: =H31 * FJ31 * 0.8 -> 15300 | FL31: =IFERROR(__xludf.DUMMYFUNCTION("PRODUCT( MAP( K$3:ED$3, K$14:ED$14, K$13:ED$13, K31:ED31, LAMBDA( job, buff, target, check, IF( OR(AND(check=TRUE, REGEXMATCH(target, ""SELF_AFFECTED_ALL""), job=""ガンブレイカー""), AND(che"&"ck=Option!$H$13, REGEXMATCH(target, ""SINGLE_AFFECTED_ALL""))), buff, 1 ) ) ) )"),1.0) -> 1 | FM31: =IFERROR(__xludf.DUMMYFUNCTION("SUM( MAP( K$3:ED$3, K$7:ED$7, K$15:ED$15, K$16:ED$16, K$21:ED$21, K$5:ED$5, K$17:ED$17, K31:ED31, LAMBDA( job, abillity, buff, barrier, enhance, assign, preco"&"ndition, check, IF( OR(AND(check=TRUE, REGEXMATCH(assign, ""SELF""), job=""ガンブレイカー""), AND(check=Option!$H$13, REGEXMATCH(assign, ""SINGLE_PARTY""))), IF( OR(ARRAYFORMULA((IF(precondition="""", FALSE, REGEXMATCH("&"$K$4:$ED$4, precondition))) * (K31:ED31=TRUE))), enhance, IF(barrier="""", buff, barrier) ), 0 ) * SWITCH( job, ""暗黒騎士"", FN$24, ""白魔道士"", EF31 * EH31 * FL31 * IF(abillity, 1"&", EG31 * EI31) * (Option!$D$22 * 0.81 / 100), ""占星術師"", EF31 * EJ31 * FL31 * IF(abillity, 1, EG31 * EK31) * (Option!$D$23 * 0.81 / 100), ""学者"", EF31 * EL31 * FL31 * IF(abillity, 1, EG31 * EM31) * (Option!$D$24 * 0.81 / 100), """&"賢者"", EF31 * EN31 * FL31 * IF(abillity, 1, EG31 * EO31) * (Option!$D$25 * 0.81 / 100), 1 ) ) ) ) + EQ31"),22580.0) -> 22580 | FN31: =MAX(FK31 - FM31, 0) -> 0
